r,st,interconnect,transgrp,transreg,nercr,hurdlereg
p53007,WA,western,NorthernGrid_West,NorthernGrid,WECC_NW,Puget_Sound_Energy_Inc
p53029,WA,western,NorthernGrid_West,NorthernGrid,WECC_NW,Puget_Sound_Energy_Inc
p53033,WA,western,NorthernGrid_West,NorthernGrid,WECC_NW,Puget_Sound_Energy_Inc
p53035,WA,western,NorthernGrid_West,NorthernGrid,WECC_NW,Puget_Sound_Energy_Inc
p53037,WA,western,NorthernGrid_West,NorthernGrid,WECC_NW,Puget_Sound_Energy_Inc
p53053,WA,western,NorthernGrid_West,NorthernGrid,WECC_NW,Puget_Sound_Energy_Inc
p53055,WA,western,NorthernGrid_West,NorthernGrid,WECC_NW,Puget_Sound_Energy_Inc
p53057,WA,western,NorthernGrid_West,NorthernGrid,WECC_NW,Puget_Sound_Energy_Inc
p53061,WA,western,NorthernGrid_West,NorthernGrid,WECC_NW,Puget_Sound_Energy_Inc
p53067,WA,western,NorthernGrid_West,NorthernGrid,WECC_NW,Puget_Sound_Energy_Inc
p53073,WA,western,NorthernGrid_West,NorthernGrid,WECC_NW,Puget_Sound_Energy_Inc
p53003,WA,western,NorthernGrid_West,NorthernGrid,WECC_NW,Bonneville_Power_Administration
p53005,WA,western,NorthernGrid_West,NorthernGrid,WECC_NW,Bonneville_Power_Administration
p53009,WA,western,NorthernGrid_West,NorthernGrid,WECC_NW,Bonneville_Power_Administration
p53011,WA,western,NorthernGrid_West,NorthernGrid,WECC_NW,Bonneville_Power_Administration
p53013,WA,western,NorthernGrid_West,NorthernGrid,WECC_NW,Bonneville_Power_Administration
p53015,WA,western,NorthernGrid_West,NorthernGrid,WECC_NW,Bonneville_Power_Administration
p53023,WA,western,NorthernGrid_West,NorthernGrid,WECC_NW,Bonneville_Power_Administration
p53027,WA,western,NorthernGrid_West,NorthernGrid,WECC_NW,Bonneville_Power_Administration
p53031,WA,western,NorthernGrid_West,NorthernGrid,WECC_NW,Bonneville_Power_Administration
p53039,WA,western,NorthernGrid_West,NorthernGrid,WECC_NW,Bonneville_Power_Administration
p53041,WA,western,NorthernGrid_West,NorthernGrid,WECC_NW,Bonneville_Power_Administration
p53045,WA,western,NorthernGrid_West,NorthernGrid,WECC_NW,Bonneville_Power_Administration
p53049,WA,western,NorthernGrid_West,NorthernGrid,WECC_NW,Bonneville_Power_Administration
p53059,WA,western,NorthernGrid_West,NorthernGrid,WECC_NW,Bonneville_Power_Administration
p53069,WA,western,NorthernGrid_West,NorthernGrid,WECC_NW,Bonneville_Power_Administration
p53071,WA,western,NorthernGrid_West,NorthernGrid,WECC_NW,Bonneville_Power_Administration
p53077,WA,western,NorthernGrid_West,NorthernGrid,WECC_NW,Bonneville_Power_Administration
p53001,WA,western,NorthernGrid_West,NorthernGrid,WECC_NW,Avista_Corp
p53019,WA,western,NorthernGrid_West,NorthernGrid,WECC_NW,Avista_Corp
p53021,WA,western,NorthernGrid_West,NorthernGrid,WECC_NW,Avista_Corp
p53043,WA,western,NorthernGrid_West,NorthernGrid,WECC_NW,Avista_Corp
p53047,WA,western,NorthernGrid_West,NorthernGrid,WECC_NW,Avista_Corp
p53051,WA,western,NorthernGrid_West,NorthernGrid,WECC_NW,Avista_Corp
p53063,WA,western,NorthernGrid_West,NorthernGrid,WECC_NW,Avista_Corp
p53065,WA,western,NorthernGrid_West,NorthernGrid,WECC_NW,Avista_Corp
p53075,WA,western,NorthernGrid_West,NorthernGrid,WECC_NW,Avista_Corp
p53017,WA,western,NorthernGrid_West,NorthernGrid,WECC_NW,PUD_No2_of_Grant_County
p53025,WA,western,NorthernGrid_West,NorthernGrid,WECC_NW,PUD_No2_of_Grant_County
p41003,OR,western,NorthernGrid_West,NorthernGrid,WECC_NW,Bonneville_Power_Administration
p41005,OR,western,NorthernGrid_West,NorthernGrid,WECC_NW,Bonneville_Power_Administration
p41007,OR,western,NorthernGrid_West,NorthernGrid,WECC_NW,Bonneville_Power_Administration
p41009,OR,western,NorthernGrid_West,NorthernGrid,WECC_NW,Bonneville_Power_Administration
p41013,OR,western,NorthernGrid_West,NorthernGrid,WECC_NW,Bonneville_Power_Administration
p41017,OR,western,NorthernGrid_West,NorthernGrid,WECC_NW,Bonneville_Power_Administration
p41021,OR,western,NorthernGrid_West,NorthernGrid,WECC_NW,Bonneville_Power_Administration
p41023,OR,western,NorthernGrid_West,NorthernGrid,WECC_NW,Bonneville_Power_Administration
p41027,OR,western,NorthernGrid_West,NorthernGrid,WECC_NW,Bonneville_Power_Administration
p41031,OR,western,NorthernGrid_West,NorthernGrid,WECC_NW,Bonneville_Power_Administration
p41039,OR,western,NorthernGrid_West,NorthernGrid,WECC_NW,Bonneville_Power_Administration
p41041,OR,western,NorthernGrid_West,NorthernGrid,WECC_NW,Bonneville_Power_Administration
p41043,OR,western,NorthernGrid_West,NorthernGrid,WECC_NW,Bonneville_Power_Administration
p41047,OR,western,NorthernGrid_West,NorthernGrid,WECC_NW,Bonneville_Power_Administration
p41049,OR,western,NorthernGrid_West,NorthernGrid,WECC_NW,Bonneville_Power_Administration
p41051,OR,western,NorthernGrid_West,NorthernGrid,WECC_NW,Bonneville_Power_Administration
p41053,OR,western,NorthernGrid_West,NorthernGrid,WECC_NW,Bonneville_Power_Administration
p41055,OR,western,NorthernGrid_West,NorthernGrid,WECC_NW,Bonneville_Power_Administration
p41057,OR,western,NorthernGrid_West,NorthernGrid,WECC_NW,Bonneville_Power_Administration
p41059,OR,western,NorthernGrid_West,NorthernGrid,WECC_NW,Bonneville_Power_Administration
p41061,OR,western,NorthernGrid_West,NorthernGrid,WECC_NW,Bonneville_Power_Administration
p41063,OR,western,NorthernGrid_West,NorthernGrid,WECC_NW,Bonneville_Power_Administration
p41065,OR,western,NorthernGrid_West,NorthernGrid,WECC_NW,Bonneville_Power_Administration
p41067,OR,western,NorthernGrid_West,NorthernGrid,WECC_NW,Bonneville_Power_Administration
p41069,OR,western,NorthernGrid_West,NorthernGrid,WECC_NW,Bonneville_Power_Administration
p41071,OR,western,NorthernGrid_West,NorthernGrid,WECC_NW,Bonneville_Power_Administration
p41011,OR,western,NorthernGrid_West,NorthernGrid,WECC_NW,PacifiCorp_West
p41015,OR,western,NorthernGrid_West,NorthernGrid,WECC_NW,PacifiCorp_West
p41019,OR,western,NorthernGrid_West,NorthernGrid,WECC_NW,PacifiCorp_West
p41029,OR,western,NorthernGrid_West,NorthernGrid,WECC_NW,PacifiCorp_West
p41033,OR,western,NorthernGrid_West,NorthernGrid,WECC_NW,PacifiCorp_West
p41035,OR,western,NorthernGrid_West,NorthernGrid,WECC_NW,PacifiCorp_West
p41001,OR,western,NorthernGrid_West,NorthernGrid,WECC_NW,Bonneville_Power_Administration
p41025,OR,western,NorthernGrid_West,NorthernGrid,WECC_NW,Bonneville_Power_Administration
p41037,OR,western,NorthernGrid_West,NorthernGrid,WECC_NW,Bonneville_Power_Administration
p41045,OR,western,NorthernGrid_West,NorthernGrid,WECC_NW,Bonneville_Power_Administration
p06035,CA,western,NorthernGrid_South,NorthernGrid,WECC_NW,PacifiCorp_West
p06049,CA,western,NorthernGrid_South,NorthernGrid,WECC_NW,PacifiCorp_West
p06093,CA,western,NorthernGrid_South,NorthernGrid,WECC_NW,PacifiCorp_West
p06001,CA,western,CAISO,CAISO,WECC_CA,CAISO
p06003,CA,western,CAISO,CAISO,WECC_CA,CAISO
p06005,CA,western,CAISO,CAISO,WECC_CA,CAISO
p06007,CA,western,CAISO,CAISO,WECC_CA,CAISO
p06009,CA,western,CAISO,CAISO,WECC_CA,CAISO
p06011,CA,western,CAISO,CAISO,WECC_CA,CAISO
p06013,CA,western,CAISO,CAISO,WECC_CA,CAISO
p06015,CA,western,CAISO,CAISO,WECC_CA,CAISO
p06017,CA,western,CAISO,CAISO,WECC_CA,CAISO
p06019,CA,western,CAISO,CAISO,WECC_CA,CAISO
p06021,CA,western,CAISO,CAISO,WECC_CA,CAISO
p06023,CA,western,CAISO,CAISO,WECC_CA,CAISO
p06031,CA,western,CAISO,CAISO,WECC_CA,CAISO
p06033,CA,western,CAISO,CAISO,WECC_CA,CAISO
p06039,CA,western,CAISO,CAISO,WECC_CA,CAISO
p06041,CA,western,CAISO,CAISO,WECC_CA,CAISO
p06043,CA,western,CAISO,CAISO,WECC_CA,CAISO
p06045,CA,western,CAISO,CAISO,WECC_CA,CAISO
p06047,CA,western,CAISO,CAISO,WECC_CA,CAISO
p06053,CA,western,CAISO,CAISO,WECC_CA,CAISO
p06055,CA,western,CAISO,CAISO,WECC_CA,CAISO
p06057,CA,western,CAISO,CAISO,WECC_CA,CAISO
p06061,CA,western,CAISO,CAISO,WECC_CA,CAISO
p06063,CA,western,CAISO,CAISO,WECC_CA,CAISO
p06067,CA,western,CAISO,CAISO,WECC_CA,CAISO
p06069,CA,western,CAISO,CAISO,WECC_CA,CAISO
p06075,CA,western,CAISO,CAISO,WECC_CA,CAISO
p06077,CA,western,CAISO,CAISO,WECC_CA,CAISO
p06079,CA,western,CAISO,CAISO,WECC_CA,CAISO
p06081,CA,western,CAISO,CAISO,WECC_CA,CAISO
p06083,CA,western,CAISO,CAISO,WECC_CA,CAISO
p06085,CA,western,CAISO,CAISO,WECC_CA,CAISO
p06087,CA,western,CAISO,CAISO,WECC_CA,CAISO
p06089,CA,western,CAISO,CAISO,WECC_CA,CAISO
p06091,CA,western,CAISO,CAISO,WECC_CA,CAISO
p06095,CA,western,CAISO,CAISO,WECC_CA,CAISO
p06097,CA,western,CAISO,CAISO,WECC_CA,CAISO
p06099,CA,western,CAISO,CAISO,WECC_CA,CAISO
p06101,CA,western,CAISO,CAISO,WECC_CA,CAISO
p06103,CA,western,CAISO,CAISO,WECC_CA,CAISO
p06105,CA,western,CAISO,CAISO,WECC_CA,CAISO
p06109,CA,western,CAISO,CAISO,WECC_CA,CAISO
p06113,CA,western,CAISO,CAISO,WECC_CA,CAISO
p06115,CA,western,CAISO,CAISO,WECC_CA,CAISO
p06025,CA,western,CAISO,CAISO,WECC_CA,CAISO
p06027,CA,western,CAISO,CAISO,WECC_CA,CAISO
p06029,CA,western,CAISO,CAISO,WECC_CA,CAISO
p06037,CA,western,CAISO,CAISO,WECC_CA,CAISO
p06051,CA,western,CAISO,CAISO,WECC_CA,CAISO
p06059,CA,western,CAISO,CAISO,WECC_CA,CAISO
p06065,CA,western,CAISO,CAISO,WECC_CA,CAISO
p06071,CA,western,CAISO,CAISO,WECC_CA,CAISO
p06107,CA,western,CAISO,CAISO,WECC_CA,CAISO
p06111,CA,western,CAISO,CAISO,WECC_CA,CAISO
p06073,CA,western,CAISO,CAISO,WECC_CA,CAISO
p32001,NV,western,NorthernGrid_South,NorthernGrid,WECC_SW,Nevada_Power_Co
p32005,NV,western,NorthernGrid_South,NorthernGrid,WECC_SW,Nevada_Power_Co
p32007,NV,western,NorthernGrid_South,NorthernGrid,WECC_SW,Nevada_Power_Co
p32009,NV,western,NorthernGrid_South,NorthernGrid,WECC_SW,Nevada_Power_Co
p32011,NV,western,NorthernGrid_South,NorthernGrid,WECC_SW,Nevada_Power_Co
p32013,NV,western,NorthernGrid_South,NorthernGrid,WECC_SW,Nevada_Power_Co
p32015,NV,western,NorthernGrid_South,NorthernGrid,WECC_SW,Nevada_Power_Co
p32017,NV,western,NorthernGrid_South,NorthernGrid,WECC_SW,Nevada_Power_Co
p32019,NV,western,NorthernGrid_South,NorthernGrid,WECC_SW,Nevada_Power_Co
p32021,NV,western,NorthernGrid_South,NorthernGrid,WECC_SW,Nevada_Power_Co
p32023,NV,western,NorthernGrid_South,NorthernGrid,WECC_SW,Nevada_Power_Co
p32027,NV,western,NorthernGrid_South,NorthernGrid,WECC_SW,Nevada_Power_Co
p32029,NV,western,NorthernGrid_South,NorthernGrid,WECC_SW,Nevada_Power_Co
p32031,NV,western,NorthernGrid_South,NorthernGrid,WECC_SW,Nevada_Power_Co
p32033,NV,western,NorthernGrid_South,NorthernGrid,WECC_SW,Nevada_Power_Co
p32510,NV,western,NorthernGrid_South,NorthernGrid,WECC_SW,Nevada_Power_Co
p32003,NV,western,NorthernGrid_South,NorthernGrid,WECC_SW,Nevada_Power_Co
p16009,ID,western,NorthernGrid_East,NorthernGrid,WECC_NW,Avista_Corp
p16017,ID,western,NorthernGrid_East,NorthernGrid,WECC_NW,Avista_Corp
p16021,ID,western,NorthernGrid_East,NorthernGrid,WECC_NW,Avista_Corp
p16055,ID,western,NorthernGrid_East,NorthernGrid,WECC_NW,Avista_Corp
p16057,ID,western,NorthernGrid_East,NorthernGrid,WECC_NW,Avista_Corp
p16061,ID,western,NorthernGrid_East,NorthernGrid,WECC_NW,Avista_Corp
p16069,ID,western,NorthernGrid_East,NorthernGrid,WECC_NW,Avista_Corp
p16001,ID,western,NorthernGrid_East,NorthernGrid,WECC_BA,Idaho_Power_Co
p16003,ID,western,NorthernGrid_East,NorthernGrid,WECC_BA,Idaho_Power_Co
p16013,ID,western,NorthernGrid_East,NorthernGrid,WECC_BA,Idaho_Power_Co
p16015,ID,western,NorthernGrid_East,NorthernGrid,WECC_BA,Idaho_Power_Co
p16023,ID,western,NorthernGrid_East,NorthernGrid,WECC_BA,Idaho_Power_Co
p16025,ID,western,NorthernGrid_East,NorthernGrid,WECC_BA,Idaho_Power_Co
p16027,ID,western,NorthernGrid_East,NorthernGrid,WECC_BA,Idaho_Power_Co
p16035,ID,western,NorthernGrid_East,NorthernGrid,WECC_BA,Idaho_Power_Co
p16037,ID,western,NorthernGrid_East,NorthernGrid,WECC_BA,Idaho_Power_Co
p16039,ID,western,NorthernGrid_East,NorthernGrid,WECC_BA,Idaho_Power_Co
p16045,ID,western,NorthernGrid_East,NorthernGrid,WECC_BA,Idaho_Power_Co
p16047,ID,western,NorthernGrid_East,NorthernGrid,WECC_BA,Idaho_Power_Co
p16049,ID,western,NorthernGrid_East,NorthernGrid,WECC_BA,Idaho_Power_Co
p16053,ID,western,NorthernGrid_East,NorthernGrid,WECC_BA,Idaho_Power_Co
p16059,ID,western,NorthernGrid_East,NorthernGrid,WECC_BA,Idaho_Power_Co
p16063,ID,western,NorthernGrid_East,NorthernGrid,WECC_BA,Idaho_Power_Co
p16067,ID,western,NorthernGrid_East,NorthernGrid,WECC_BA,Idaho_Power_Co
p16073,ID,western,NorthernGrid_East,NorthernGrid,WECC_BA,Idaho_Power_Co
p16075,ID,western,NorthernGrid_East,NorthernGrid,WECC_BA,Idaho_Power_Co
p16079,ID,western,NorthernGrid_East,NorthernGrid,WECC_BA,Idaho_Power_Co
p16085,ID,western,NorthernGrid_East,NorthernGrid,WECC_BA,Idaho_Power_Co
p16087,ID,western,NorthernGrid_East,NorthernGrid,WECC_BA,Idaho_Power_Co
p16005,ID,western,NorthernGrid_East,NorthernGrid,WECC_BA,Idaho_Power_Co
p16007,ID,western,NorthernGrid_East,NorthernGrid,WECC_BA,Idaho_Power_Co
p16011,ID,western,NorthernGrid_East,NorthernGrid,WECC_BA,Idaho_Power_Co
p16019,ID,western,NorthernGrid_East,NorthernGrid,WECC_BA,Idaho_Power_Co
p16029,ID,western,NorthernGrid_East,NorthernGrid,WECC_BA,Idaho_Power_Co
p16031,ID,western,NorthernGrid_East,NorthernGrid,WECC_BA,Idaho_Power_Co
p16033,ID,western,NorthernGrid_East,NorthernGrid,WECC_BA,Idaho_Power_Co
p16041,ID,western,NorthernGrid_East,NorthernGrid,WECC_BA,Idaho_Power_Co
p16043,ID,western,NorthernGrid_East,NorthernGrid,WECC_BA,Idaho_Power_Co
p16051,ID,western,NorthernGrid_East,NorthernGrid,WECC_BA,Idaho_Power_Co
p16065,ID,western,NorthernGrid_East,NorthernGrid,WECC_BA,Idaho_Power_Co
p16071,ID,western,NorthernGrid_East,NorthernGrid,WECC_BA,Idaho_Power_Co
p16077,ID,western,NorthernGrid_East,NorthernGrid,WECC_BA,Idaho_Power_Co
p16081,ID,western,NorthernGrid_East,NorthernGrid,WECC_BA,Idaho_Power_Co
p16083,ID,western,NorthernGrid_East,NorthernGrid,WECC_BA,Idaho_Power_Co
p30001,MT,western,NorthernGrid_East,NorthernGrid,WECC_NW,Northwestern_Energy
p30007,MT,western,NorthernGrid_East,NorthernGrid,WECC_NW,Northwestern_Energy
p30023,MT,western,NorthernGrid_East,NorthernGrid,WECC_NW,Northwestern_Energy
p30029,MT,western,NorthernGrid_East,NorthernGrid,WECC_NW,Northwestern_Energy
p30039,MT,western,NorthernGrid_East,NorthernGrid,WECC_NW,Northwestern_Energy
p30043,MT,western,NorthernGrid_East,NorthernGrid,WECC_NW,Northwestern_Energy
p30047,MT,western,NorthernGrid_East,NorthernGrid,WECC_NW,Northwestern_Energy
p30053,MT,western,NorthernGrid_East,NorthernGrid,WECC_NW,Northwestern_Energy
p30057,MT,western,NorthernGrid_East,NorthernGrid,WECC_NW,Northwestern_Energy
p30061,MT,western,NorthernGrid_East,NorthernGrid,WECC_NW,Northwestern_Energy
p30063,MT,western,NorthernGrid_East,NorthernGrid,WECC_NW,Northwestern_Energy
p30077,MT,western,NorthernGrid_East,NorthernGrid,WECC_NW,Northwestern_Energy
p30081,MT,western,NorthernGrid_East,NorthernGrid,WECC_NW,Northwestern_Energy
p30089,MT,western,NorthernGrid_East,NorthernGrid,WECC_NW,Northwestern_Energy
p30093,MT,western,NorthernGrid_East,NorthernGrid,WECC_NW,Northwestern_Energy
p30003,MT,western,NorthernGrid_East,NorthernGrid,WECC_NW,Northwestern_Energy
p30005,MT,western,NorthernGrid_East,NorthernGrid,WECC_NW,Northwestern_Energy
p30009,MT,western,NorthernGrid_East,NorthernGrid,WECC_NW,Northwestern_Energy
p30013,MT,western,NorthernGrid_East,NorthernGrid,WECC_NW,Northwestern_Energy
p30015,MT,western,NorthernGrid_East,NorthernGrid,WECC_NW,Northwestern_Energy
p30031,MT,western,NorthernGrid_East,NorthernGrid,WECC_NW,Northwestern_Energy
p30035,MT,western,NorthernGrid_East,NorthernGrid,WECC_NW,Northwestern_Energy
p30041,MT,western,NorthernGrid_East,NorthernGrid,WECC_NW,Northwestern_Energy
p30049,MT,western,NorthernGrid_East,NorthernGrid,WECC_NW,Northwestern_Energy
p30051,MT,western,NorthernGrid_East,NorthernGrid,WECC_NW,Northwestern_Energy
p30059,MT,western,NorthernGrid_East,NorthernGrid,WECC_NW,Northwestern_Energy
p30067,MT,western,NorthernGrid_East,NorthernGrid,WECC_NW,Northwestern_Energy
p30071,MT,western,NorthernGrid_East,NorthernGrid,WECC_NW,Northwestern_Energy
p30073,MT,western,NorthernGrid_East,NorthernGrid,WECC_NW,Northwestern_Energy
p30095,MT,western,NorthernGrid_East,NorthernGrid,WECC_NW,Northwestern_Energy
p30097,MT,western,NorthernGrid_East,NorthernGrid,WECC_NW,Northwestern_Energy
p30099,MT,western,NorthernGrid_East,NorthernGrid,WECC_NW,Northwestern_Energy
p30101,MT,western,NorthernGrid_East,NorthernGrid,WECC_NW,Northwestern_Energy
p30033,MT,western,NorthernGrid_East,NorthernGrid,WECC_NW,WAPA_Upper_Great_Plains_West
p30105,MT,western,NorthernGrid_East,NorthernGrid,WECC_NW,WAPA_Upper_Great_Plains_West
p30027,MT,western,NorthernGrid_East,NorthernGrid,WECC_NW,Northwestern_Energy
p30037,MT,western,NorthernGrid_East,NorthernGrid,WECC_NW,Northwestern_Energy
p30045,MT,western,NorthernGrid_East,NorthernGrid,WECC_NW,Northwestern_Energy
p30065,MT,western,NorthernGrid_East,NorthernGrid,WECC_NW,Northwestern_Energy
p30069,MT,western,NorthernGrid_East,NorthernGrid,WECC_NW,Northwestern_Energy
p30075,MT,western,NorthernGrid_East,NorthernGrid,WECC_NW,Northwestern_Energy
p30087,MT,western,NorthernGrid_East,NorthernGrid,WECC_NW,Northwestern_Energy
p30103,MT,western,NorthernGrid_East,NorthernGrid,WECC_NW,Northwestern_Energy
p30107,MT,western,NorthernGrid_East,NorthernGrid,WECC_NW,Northwestern_Energy
p30111,MT,western,NorthernGrid_East,NorthernGrid,WECC_NW,Northwestern_Energy
p56003,WY,western,NorthernGrid_East,NorthernGrid,WECC_RM,PacifiCorp_East
p56013,WY,western,NorthernGrid_East,NorthernGrid,WECC_RM,PacifiCorp_East
p56017,WY,western,NorthernGrid_East,NorthernGrid,WECC_RM,PacifiCorp_East
p56023,WY,western,NorthernGrid_East,NorthernGrid,WECC_RM,PacifiCorp_East
p56029,WY,western,NorthernGrid_East,NorthernGrid,WECC_RM,PacifiCorp_East
p56035,WY,western,NorthernGrid_East,NorthernGrid,WECC_RM,PacifiCorp_East
p56037,WY,western,NorthernGrid_East,NorthernGrid,WECC_RM,PacifiCorp_East
p56039,WY,western,NorthernGrid_East,NorthernGrid,WECC_RM,PacifiCorp_East
p56041,WY,western,NorthernGrid_East,NorthernGrid,WECC_RM,PacifiCorp_East
p56043,WY,western,NorthernGrid_East,NorthernGrid,WECC_RM,PacifiCorp_East
p56019,WY,western,NorthernGrid_East,NorthernGrid,WECC_RM,PacifiCorp_East
p56033,WY,western,NorthernGrid_East,NorthernGrid,WECC_RM,PacifiCorp_East
p56005,WY,western,WestConnect_North,WestConnect,WECC_RM,WAPA_Rocky_Mountain_Region
p56011,WY,western,WestConnect_North,WestConnect,WECC_RM,WAPA_Rocky_Mountain_Region
p56045,WY,western,WestConnect_North,WestConnect,WECC_RM,WAPA_Rocky_Mountain_Region
p56001,WY,western,WestConnect_North,WestConnect,WECC_RM,WAPA_Rocky_Mountain_Region
p56007,WY,western,WestConnect_North,WestConnect,WECC_RM,WAPA_Rocky_Mountain_Region
p56009,WY,western,WestConnect_North,WestConnect,WECC_RM,WAPA_Rocky_Mountain_Region
p56015,WY,western,WestConnect_North,WestConnect,WECC_RM,WAPA_Rocky_Mountain_Region
p56021,WY,western,WestConnect_North,WestConnect,WECC_RM,WAPA_Rocky_Mountain_Region
p56025,WY,western,WestConnect_North,WestConnect,WECC_RM,WAPA_Rocky_Mountain_Region
p56027,WY,western,WestConnect_North,WestConnect,WECC_RM,WAPA_Rocky_Mountain_Region
p56031,WY,western,WestConnect_North,WestConnect,WECC_RM,WAPA_Rocky_Mountain_Region
p49001,UT,western,NorthernGrid_South,NorthernGrid,WECC_BA,PacifiCorp_East
p49003,UT,western,NorthernGrid_South,NorthernGrid,WECC_BA,PacifiCorp_East
p49005,UT,western,NorthernGrid_South,NorthernGrid,WECC_BA,PacifiCorp_East
p49007,UT,western,NorthernGrid_South,NorthernGrid,WECC_BA,PacifiCorp_East
p49011,UT,western,NorthernGrid_South,NorthernGrid,WECC_BA,PacifiCorp_East
p49015,UT,western,NorthernGrid_South,NorthernGrid,WECC_BA,PacifiCorp_East
p49017,UT,western,NorthernGrid_South,NorthernGrid,WECC_BA,PacifiCorp_East
p49019,UT,western,NorthernGrid_South,NorthernGrid,WECC_BA,PacifiCorp_East
p49021,UT,western,NorthernGrid_South,NorthernGrid,WECC_BA,PacifiCorp_East
p49023,UT,western,NorthernGrid_South,NorthernGrid,WECC_BA,PacifiCorp_East
p49025,UT,western,NorthernGrid_South,NorthernGrid,WECC_BA,PacifiCorp_East
p49027,UT,western,NorthernGrid_South,NorthernGrid,WECC_BA,PacifiCorp_East
p49031,UT,western,NorthernGrid_South,NorthernGrid,WECC_BA,PacifiCorp_East
p49035,UT,western,NorthernGrid_South,NorthernGrid,WECC_BA,PacifiCorp_East
p49037,UT,western,NorthernGrid_South,NorthernGrid,WECC_BA,PacifiCorp_East
p49039,UT,western,NorthernGrid_South,NorthernGrid,WECC_BA,PacifiCorp_East
p49041,UT,western,NorthernGrid_South,NorthernGrid,WECC_BA,PacifiCorp_East
p49045,UT,western,NorthernGrid_South,NorthernGrid,WECC_BA,PacifiCorp_East
p49049,UT,western,NorthernGrid_South,NorthernGrid,WECC_BA,PacifiCorp_East
p49053,UT,western,NorthernGrid_South,NorthernGrid,WECC_BA,PacifiCorp_East
p49055,UT,western,NorthernGrid_South,NorthernGrid,WECC_BA,PacifiCorp_East
p49057,UT,western,NorthernGrid_South,NorthernGrid,WECC_BA,PacifiCorp_East
p49009,UT,western,NorthernGrid_South,NorthernGrid,WECC_BA,PacifiCorp_East
p49013,UT,western,NorthernGrid_South,NorthernGrid,WECC_BA,PacifiCorp_East
p49029,UT,western,NorthernGrid_South,NorthernGrid,WECC_BA,PacifiCorp_East
p49033,UT,western,NorthernGrid_South,NorthernGrid,WECC_BA,PacifiCorp_East
p49043,UT,western,NorthernGrid_South,NorthernGrid,WECC_BA,PacifiCorp_East
p49047,UT,western,NorthernGrid_South,NorthernGrid,WECC_BA,PacifiCorp_East
p49051,UT,western,NorthernGrid_South,NorthernGrid,WECC_BA,PacifiCorp_East
p04015,AZ,western,WestConnect_South,WestConnect,WECC_SW,WAPA_Desert_Southwest_Region
p04003,AZ,western,WestConnect_South,WestConnect,WECC_SW,Arizona_Public_Service_Co
p04005,AZ,western,WestConnect_South,WestConnect,WECC_SW,Arizona_Public_Service_Co
p04007,AZ,western,WestConnect_South,WestConnect,WECC_SW,Arizona_Public_Service_Co
p04009,AZ,western,WestConnect_South,WestConnect,WECC_SW,Arizona_Public_Service_Co
p04011,AZ,western,WestConnect_South,WestConnect,WECC_SW,Arizona_Public_Service_Co
p04012,AZ,western,WestConnect_South,WestConnect,WECC_SW,Arizona_Public_Service_Co
p04013,AZ,western,WestConnect_South,WestConnect,WECC_SW,Arizona_Public_Service_Co
p04017,AZ,western,WestConnect_South,WestConnect,WECC_SW,Arizona_Public_Service_Co
p04021,AZ,western,WestConnect_South,WestConnect,WECC_SW,Arizona_Public_Service_Co
p04025,AZ,western,WestConnect_South,WestConnect,WECC_SW,Arizona_Public_Service_Co
p04027,AZ,western,WestConnect_South,WestConnect,WECC_SW,Arizona_Public_Service_Co
p04001,AZ,western,WestConnect_South,WestConnect,WECC_SW,Arizona_Public_Service_Co
p04019,AZ,western,WestConnect_South,WestConnect,WECC_SW,Arizona_Public_Service_Co
p04023,AZ,western,WestConnect_South,WestConnect,WECC_SW,Arizona_Public_Service_Co
p35001,NM,western,WestConnect_South,WestConnect,WECC_SW,Public_Service_Co_of_New_Mexico
p35003,NM,western,WestConnect_South,WestConnect,WECC_SW,Public_Service_Co_of_New_Mexico
p35006,NM,western,WestConnect_South,WestConnect,WECC_SW,Public_Service_Co_of_New_Mexico
p35007,NM,western,WestConnect_South,WestConnect,WECC_SW,Public_Service_Co_of_New_Mexico
p35011,NM,western,WestConnect_South,WestConnect,WECC_SW,Public_Service_Co_of_New_Mexico
p35013,NM,western,WestConnect_South,WestConnect,WECC_SW,Public_Service_Co_of_New_Mexico
p35017,NM,western,WestConnect_South,WestConnect,WECC_SW,Public_Service_Co_of_New_Mexico
p35019,NM,western,WestConnect_South,WestConnect,WECC_SW,Public_Service_Co_of_New_Mexico
p35021,NM,western,WestConnect_South,WestConnect,WECC_SW,Public_Service_Co_of_New_Mexico
p35023,NM,western,WestConnect_South,WestConnect,WECC_SW,Public_Service_Co_of_New_Mexico
p35027,NM,western,WestConnect_South,WestConnect,WECC_SW,Public_Service_Co_of_New_Mexico
p35028,NM,western,WestConnect_South,WestConnect,WECC_SW,Public_Service_Co_of_New_Mexico
p35029,NM,western,WestConnect_South,WestConnect,WECC_SW,Public_Service_Co_of_New_Mexico
p35031,NM,western,WestConnect_South,WestConnect,WECC_SW,Public_Service_Co_of_New_Mexico
p35033,NM,western,WestConnect_South,WestConnect,WECC_SW,Public_Service_Co_of_New_Mexico
p35035,NM,western,WestConnect_South,WestConnect,WECC_SW,Public_Service_Co_of_New_Mexico
p35039,NM,western,WestConnect_South,WestConnect,WECC_SW,Public_Service_Co_of_New_Mexico
p35043,NM,western,WestConnect_South,WestConnect,WECC_SW,Public_Service_Co_of_New_Mexico
p35045,NM,western,WestConnect_South,WestConnect,WECC_SW,Public_Service_Co_of_New_Mexico
p35047,NM,western,WestConnect_South,WestConnect,WECC_SW,Public_Service_Co_of_New_Mexico
p35049,NM,western,WestConnect_South,WestConnect,WECC_SW,Public_Service_Co_of_New_Mexico
p35051,NM,western,WestConnect_South,WestConnect,WECC_SW,Public_Service_Co_of_New_Mexico
p35053,NM,western,WestConnect_South,WestConnect,WECC_SW,Public_Service_Co_of_New_Mexico
p35055,NM,western,WestConnect_South,WestConnect,WECC_SW,Public_Service_Co_of_New_Mexico
p35057,NM,western,WestConnect_South,WestConnect,WECC_SW,Public_Service_Co_of_New_Mexico
p35059,NM,western,WestConnect_South,WestConnect,WECC_SW,Public_Service_Co_of_New_Mexico
p35061,NM,western,WestConnect_South,WestConnect,WECC_SW,Public_Service_Co_of_New_Mexico
p46019,SD,western,WestConnect_North,WestConnect,WECC_RM,WAPA_Rocky_Mountain_Region
p46033,SD,western,WestConnect_North,WestConnect,WECC_RM,WAPA_Rocky_Mountain_Region
p46047,SD,western,WestConnect_North,WestConnect,WECC_RM,WAPA_Rocky_Mountain_Region
p46081,SD,western,WestConnect_North,WestConnect,WECC_RM,WAPA_Rocky_Mountain_Region
p46103,SD,western,WestConnect_North,WestConnect,WECC_RM,WAPA_Rocky_Mountain_Region
p08001,CO,western,WestConnect_North,WestConnect,WECC_RM,Public_Service_Co_of_Colorado
p08005,CO,western,WestConnect_North,WestConnect,WECC_RM,Public_Service_Co_of_Colorado
p08013,CO,western,WestConnect_North,WestConnect,WECC_RM,Public_Service_Co_of_Colorado
p08014,CO,western,WestConnect_North,WestConnect,WECC_RM,Public_Service_Co_of_Colorado
p08019,CO,western,WestConnect_North,WestConnect,WECC_RM,Public_Service_Co_of_Colorado
p08031,CO,western,WestConnect_North,WestConnect,WECC_RM,Public_Service_Co_of_Colorado
p08035,CO,western,WestConnect_North,WestConnect,WECC_RM,Public_Service_Co_of_Colorado
p08037,CO,western,WestConnect_North,WestConnect,WECC_RM,Public_Service_Co_of_Colorado
p08045,CO,western,WestConnect_North,WestConnect,WECC_RM,Public_Service_Co_of_Colorado
p08047,CO,western,WestConnect_North,WestConnect,WECC_RM,Public_Service_Co_of_Colorado
p08049,CO,western,WestConnect_North,WestConnect,WECC_RM,Public_Service_Co_of_Colorado
p08057,CO,western,WestConnect_North,WestConnect,WECC_RM,Public_Service_Co_of_Colorado
p08059,CO,western,WestConnect_North,WestConnect,WECC_RM,Public_Service_Co_of_Colorado
p08065,CO,western,WestConnect_North,WestConnect,WECC_RM,Public_Service_Co_of_Colorado
p08069,CO,western,WestConnect_North,WestConnect,WECC_RM,Public_Service_Co_of_Colorado
p08075,CO,western,WestConnect_North,WestConnect,WECC_RM,Public_Service_Co_of_Colorado
p08077,CO,western,WestConnect_North,WestConnect,WECC_RM,Public_Service_Co_of_Colorado
p08081,CO,western,WestConnect_North,WestConnect,WECC_RM,Public_Service_Co_of_Colorado
p08087,CO,western,WestConnect_North,WestConnect,WECC_RM,Public_Service_Co_of_Colorado
p08093,CO,western,WestConnect_North,WestConnect,WECC_RM,Public_Service_Co_of_Colorado
p08095,CO,western,WestConnect_North,WestConnect,WECC_RM,Public_Service_Co_of_Colorado
p08097,CO,western,WestConnect_North,WestConnect,WECC_RM,Public_Service_Co_of_Colorado
p08103,CO,western,WestConnect_North,WestConnect,WECC_RM,Public_Service_Co_of_Colorado
p08107,CO,western,WestConnect_North,WestConnect,WECC_RM,Public_Service_Co_of_Colorado
p08115,CO,eastern,SPP_North,SPP,SPP,SPP
p08117,CO,western,WestConnect_North,WestConnect,WECC_RM,Public_Service_Co_of_Colorado
p08119,CO,western,WestConnect_North,WestConnect,WECC_RM,Public_Service_Co_of_Colorado
p08121,CO,western,WestConnect_North,WestConnect,WECC_RM,Public_Service_Co_of_Colorado
p08123,CO,western,WestConnect_North,WestConnect,WECC_RM,Public_Service_Co_of_Colorado
p08125,CO,western,WestConnect_North,WestConnect,WECC_RM,Public_Service_Co_of_Colorado
p08003,CO,western,WestConnect_North,WestConnect,WECC_RM,Public_Service_Co_of_Colorado
p08007,CO,western,WestConnect_North,WestConnect,WECC_RM,Public_Service_Co_of_Colorado
p08009,CO,western,WestConnect_North,WestConnect,WECC_RM,Public_Service_Co_of_Colorado
p08011,CO,western,WestConnect_North,WestConnect,WECC_RM,Public_Service_Co_of_Colorado
p08015,CO,western,WestConnect_North,WestConnect,WECC_RM,Public_Service_Co_of_Colorado
p08017,CO,western,WestConnect_North,WestConnect,WECC_RM,Public_Service_Co_of_Colorado
p08021,CO,western,WestConnect_North,WestConnect,WECC_RM,Public_Service_Co_of_Colorado
p08023,CO,western,WestConnect_North,WestConnect,WECC_RM,Public_Service_Co_of_Colorado
p08025,CO,western,WestConnect_North,WestConnect,WECC_RM,Public_Service_Co_of_Colorado
p08027,CO,western,WestConnect_North,WestConnect,WECC_RM,Public_Service_Co_of_Colorado
p08029,CO,western,WestConnect_North,WestConnect,WECC_RM,Public_Service_Co_of_Colorado
p08033,CO,western,WestConnect_North,WestConnect,WECC_RM,Public_Service_Co_of_Colorado
p08039,CO,western,WestConnect_North,WestConnect,WECC_RM,Public_Service_Co_of_Colorado
p08041,CO,western,WestConnect_North,WestConnect,WECC_RM,Public_Service_Co_of_Colorado
p08043,CO,western,WestConnect_North,WestConnect,WECC_RM,Public_Service_Co_of_Colorado
p08051,CO,western,WestConnect_North,WestConnect,WECC_RM,Public_Service_Co_of_Colorado
p08053,CO,western,WestConnect_North,WestConnect,WECC_RM,Public_Service_Co_of_Colorado
p08055,CO,western,WestConnect_North,WestConnect,WECC_RM,Public_Service_Co_of_Colorado
p08061,CO,western,WestConnect_North,WestConnect,WECC_RM,Public_Service_Co_of_Colorado
p08063,CO,western,WestConnect_North,WestConnect,WECC_RM,Public_Service_Co_of_Colorado
p08067,CO,western,WestConnect_North,WestConnect,WECC_RM,Public_Service_Co_of_Colorado
p08071,CO,western,WestConnect_North,WestConnect,WECC_RM,Public_Service_Co_of_Colorado
p08073,CO,western,WestConnect_North,WestConnect,WECC_RM,Public_Service_Co_of_Colorado
p08079,CO,western,WestConnect_North,WestConnect,WECC_RM,Public_Service_Co_of_Colorado
p08083,CO,western,WestConnect_North,WestConnect,WECC_RM,Public_Service_Co_of_Colorado
p08085,CO,western,WestConnect_North,WestConnect,WECC_RM,Public_Service_Co_of_Colorado
p08089,CO,western,WestConnect_North,WestConnect,WECC_RM,Public_Service_Co_of_Colorado
p08091,CO,western,WestConnect_North,WestConnect,WECC_RM,Public_Service_Co_of_Colorado
p08099,CO,western,WestConnect_North,WestConnect,WECC_RM,Public_Service_Co_of_Colorado
p08101,CO,western,WestConnect_North,WestConnect,WECC_RM,Public_Service_Co_of_Colorado
p08105,CO,western,WestConnect_North,WestConnect,WECC_RM,Public_Service_Co_of_Colorado
p08109,CO,western,WestConnect_North,WestConnect,WECC_RM,Public_Service_Co_of_Colorado
p08111,CO,western,WestConnect_North,WestConnect,WECC_RM,Public_Service_Co_of_Colorado
p08113,CO,western,WestConnect_North,WestConnect,WECC_RM,Public_Service_Co_of_Colorado
p30011,MT,western,NorthernGrid_East,NorthernGrid,WECC_NW,Northwestern_Energy
p30017,MT,eastern,SPP_North,SPP,SPP,SPP
p30019,MT,eastern,SPP_North,SPP,SPP,SPP
p30021,MT,eastern,SPP_North,SPP,SPP,SPP
p30025,MT,eastern,SPP_North,SPP,SPP,SPP
p30055,MT,eastern,SPP_North,SPP,SPP,SPP
p30079,MT,eastern,SPP_North,SPP,SPP,SPP
p30083,MT,eastern,SPP_North,SPP,SPP,SPP
p30085,MT,eastern,SPP_North,SPP,SPP,SPP
p30091,MT,eastern,SPP_North,SPP,SPP,SPP
p30109,MT,eastern,SPP_North,SPP,SPP,SPP
p38001,ND,eastern,SPP_North,SPP,SPP,SPP
p38007,ND,eastern,SPP_North,SPP,SPP,SPP
p38011,ND,eastern,SPP_North,SPP,SPP,SPP
p38013,ND,eastern,SPP_North,SPP,SPP,SPP
p38015,ND,eastern,SPP_North,SPP,SPP,SPP
p38021,ND,eastern,SPP_North,SPP,SPP,SPP
p38023,ND,eastern,SPP_North,SPP,SPP,SPP
p38025,ND,eastern,SPP_North,SPP,SPP,SPP
p38029,ND,eastern,SPP_North,SPP,SPP,SPP
p38033,ND,eastern,SPP_North,SPP,SPP,SPP
p38037,ND,eastern,SPP_North,SPP,SPP,SPP
p38041,ND,eastern,SPP_North,SPP,SPP,SPP
p38047,ND,eastern,SPP_North,SPP,SPP,SPP
p38051,ND,eastern,SPP_North,SPP,SPP,SPP
p38053,ND,eastern,SPP_North,SPP,SPP,SPP
p38057,ND,eastern,SPP_North,SPP,SPP,SPP
p38059,ND,eastern,SPP_North,SPP,SPP,SPP
p38061,ND,eastern,SPP_North,SPP,SPP,SPP
p38065,ND,eastern,SPP_North,SPP,SPP,SPP
p38075,ND,eastern,SPP_North,SPP,SPP,SPP
p38085,ND,eastern,SPP_North,SPP,SPP,SPP
p38087,ND,eastern,SPP_North,SPP,SPP,SPP
p38089,ND,eastern,SPP_North,SPP,SPP,SPP
p38105,ND,eastern,SPP_North,SPP,SPP,SPP
p38003,ND,eastern,MISO_North,MISO,MISO,MISO
p38005,ND,eastern,MISO_North,MISO,MISO,MISO
p38009,ND,eastern,MISO_North,MISO,MISO,MISO
p38017,ND,eastern,MISO_North,MISO,MISO,MISO
p38019,ND,eastern,MISO_North,MISO,MISO,MISO
p38027,ND,eastern,MISO_North,MISO,MISO,MISO
p38031,ND,eastern,MISO_North,MISO,MISO,MISO
p38035,ND,eastern,MISO_North,MISO,MISO,MISO
p38039,ND,eastern,MISO_North,MISO,MISO,MISO
p38043,ND,eastern,MISO_North,MISO,MISO,MISO
p38045,ND,eastern,MISO_North,MISO,MISO,MISO
p38049,ND,eastern,MISO_North,MISO,MISO,MISO
p38055,ND,eastern,MISO_North,MISO,MISO,MISO
p38063,ND,eastern,MISO_North,MISO,MISO,MISO
p38067,ND,eastern,MISO_North,MISO,MISO,MISO
p38069,ND,eastern,MISO_North,MISO,MISO,MISO
p38071,ND,eastern,MISO_North,MISO,MISO,MISO
p38073,ND,eastern,MISO_North,MISO,MISO,MISO
p38077,ND,eastern,MISO_North,MISO,MISO,MISO
p38079,ND,eastern,MISO_North,MISO,MISO,MISO
p38081,ND,eastern,MISO_North,MISO,MISO,MISO
p38083,ND,eastern,MISO_North,MISO,MISO,MISO
p38091,ND,eastern,MISO_North,MISO,MISO,MISO
p38093,ND,eastern,MISO_North,MISO,MISO,MISO
p38095,ND,eastern,MISO_North,MISO,MISO,MISO
p38097,ND,eastern,MISO_North,MISO,MISO,MISO
p38099,ND,eastern,MISO_North,MISO,MISO,MISO
p38101,ND,eastern,MISO_North,MISO,MISO,MISO
p38103,ND,eastern,MISO_North,MISO,MISO,MISO
p46003,SD,eastern,SPP_North,SPP,SPP,SPP
p46005,SD,eastern,SPP_North,SPP,SPP,SPP
p46007,SD,eastern,SPP_North,SPP,SPP,SPP
p46009,SD,eastern,SPP_North,SPP,SPP,SPP
p46011,SD,eastern,SPP_North,SPP,SPP,SPP
p46013,SD,eastern,SPP_North,SPP,SPP,SPP
p46015,SD,eastern,SPP_North,SPP,SPP,SPP
p46017,SD,eastern,SPP_North,SPP,SPP,SPP
p46021,SD,eastern,SPP_North,SPP,SPP,SPP
p46023,SD,eastern,SPP_North,SPP,SPP,SPP
p46025,SD,eastern,SPP_North,SPP,SPP,SPP
p46027,SD,eastern,SPP_North,SPP,SPP,SPP
p46029,SD,eastern,SPP_North,SPP,SPP,SPP
p46031,SD,eastern,SPP_North,SPP,SPP,SPP
p46035,SD,eastern,SPP_North,SPP,SPP,SPP
p46037,SD,eastern,SPP_North,SPP,SPP,SPP
p46039,SD,eastern,SPP_North,SPP,SPP,SPP
p46041,SD,eastern,SPP_North,SPP,SPP,SPP
p46043,SD,eastern,SPP_North,SPP,SPP,SPP
p46045,SD,eastern,SPP_North,SPP,SPP,SPP
p46049,SD,eastern,SPP_North,SPP,SPP,SPP
p46051,SD,eastern,SPP_North,SPP,SPP,SPP
p46053,SD,eastern,SPP_North,SPP,SPP,SPP
p46055,SD,eastern,SPP_North,SPP,SPP,SPP
p46057,SD,eastern,SPP_North,SPP,SPP,SPP
p46059,SD,eastern,SPP_North,SPP,SPP,SPP
p46061,SD,eastern,SPP_North,SPP,SPP,SPP
p46063,SD,eastern,SPP_North,SPP,SPP,SPP
p46065,SD,eastern,SPP_North,SPP,SPP,SPP
p46067,SD,eastern,SPP_North,SPP,SPP,SPP
p46069,SD,eastern,SPP_North,SPP,SPP,SPP
p46071,SD,eastern,SPP_North,SPP,SPP,SPP
p46073,SD,eastern,SPP_North,SPP,SPP,SPP
p46075,SD,eastern,SPP_North,SPP,SPP,SPP
p46077,SD,eastern,SPP_North,SPP,SPP,SPP
p46079,SD,eastern,SPP_North,SPP,SPP,SPP
p46083,SD,eastern,SPP_North,SPP,SPP,SPP
p46085,SD,eastern,SPP_North,SPP,SPP,SPP
p46087,SD,eastern,SPP_North,SPP,SPP,SPP
p46089,SD,eastern,SPP_North,SPP,SPP,SPP
p46091,SD,eastern,SPP_North,SPP,SPP,SPP
p46093,SD,eastern,SPP_North,SPP,SPP,SPP
p46095,SD,eastern,SPP_North,SPP,SPP,SPP
p46097,SD,eastern,SPP_North,SPP,SPP,SPP
p46099,SD,eastern,SPP_North,SPP,SPP,SPP
p46101,SD,eastern,SPP_North,SPP,SPP,SPP
p46102,SD,eastern,SPP_North,SPP,SPP,SPP
p46105,SD,eastern,SPP_North,SPP,SPP,SPP
p46107,SD,eastern,SPP_North,SPP,SPP,SPP
p46109,SD,eastern,SPP_North,SPP,SPP,SPP
p46111,SD,eastern,SPP_North,SPP,SPP,SPP
p46115,SD,eastern,SPP_North,SPP,SPP,SPP
p46117,SD,eastern,SPP_North,SPP,SPP,SPP
p46119,SD,eastern,SPP_North,SPP,SPP,SPP
p46121,SD,eastern,SPP_North,SPP,SPP,SPP
p46123,SD,eastern,SPP_North,SPP,SPP,SPP
p46125,SD,eastern,SPP_North,SPP,SPP,SPP
p46127,SD,eastern,SPP_North,SPP,SPP,SPP
p46129,SD,eastern,SPP_North,SPP,SPP,SPP
p46135,SD,eastern,SPP_North,SPP,SPP,SPP
p46137,SD,eastern,SPP_North,SPP,SPP,SPP
p31005,NE,eastern,SPP_North,SPP,SPP,SPP
p31007,NE,eastern,SPP_North,SPP,SPP,SPP
p31013,NE,eastern,SPP_North,SPP,SPP,SPP
p31029,NE,eastern,SPP_North,SPP,SPP,SPP
p31033,NE,eastern,SPP_North,SPP,SPP,SPP
p31045,NE,eastern,SPP_North,SPP,SPP,SPP
p31049,NE,eastern,SPP_North,SPP,SPP,SPP
p31057,NE,western,WestConnect_North,WestConnect,WECC_RM,Public_Service_Co_of_Colorado
p31069,NE,eastern,SPP_North,SPP,SPP,SPP
p31075,NE,eastern,SPP_North,SPP,SPP,SPP
p31101,NE,eastern,SPP_North,SPP,SPP,SPP
p31105,NE,western,WestConnect_North,WestConnect,WECC_RM,WAPA_Rocky_Mountain_Region
p31123,NE,eastern,SPP_North,SPP,SPP,SPP
p31135,NE,eastern,SPP_North,SPP,SPP,SPP
p31157,NE,eastern,SPP_North,SPP,SPP,SPP
p31161,NE,eastern,SPP_North,SPP,SPP,SPP
p31165,NE,eastern,SPP_North,SPP,SPP,SPP
p31001,NE,eastern,SPP_North,SPP,SPP,SPP
p31003,NE,eastern,SPP_North,SPP,SPP,SPP
p31009,NE,eastern,SPP_North,SPP,SPP,SPP
p31011,NE,eastern,SPP_North,SPP,SPP,SPP
p31015,NE,eastern,SPP_North,SPP,SPP,SPP
p31017,NE,eastern,SPP_North,SPP,SPP,SPP
p31019,NE,eastern,SPP_North,SPP,SPP,SPP
p31023,NE,eastern,SPP_North,SPP,SPP,SPP
p31027,NE,eastern,SPP_North,SPP,SPP,SPP
p31031,NE,eastern,SPP_North,SPP,SPP,SPP
p31035,NE,eastern,SPP_North,SPP,SPP,SPP
p31039,NE,eastern,SPP_North,SPP,SPP,SPP
p31041,NE,eastern,SPP_North,SPP,SPP,SPP
p31043,NE,eastern,SPP_North,SPP,SPP,SPP
p31047,NE,eastern,SPP_North,SPP,SPP,SPP
p31051,NE,eastern,SPP_North,SPP,SPP,SPP
p31059,NE,eastern,SPP_North,SPP,SPP,SPP
p31061,NE,eastern,SPP_North,SPP,SPP,SPP
p31063,NE,eastern,SPP_North,SPP,SPP,SPP
p31065,NE,eastern,SPP_North,SPP,SPP,SPP
p31067,NE,eastern,SPP_North,SPP,SPP,SPP
p31071,NE,eastern,SPP_North,SPP,SPP,SPP
p31073,NE,eastern,SPP_North,SPP,SPP,SPP
p31077,NE,eastern,SPP_North,SPP,SPP,SPP
p31079,NE,eastern,SPP_North,SPP,SPP,SPP
p31081,NE,eastern,SPP_North,SPP,SPP,SPP
p31083,NE,eastern,SPP_North,SPP,SPP,SPP
p31085,NE,eastern,SPP_North,SPP,SPP,SPP
p31087,NE,eastern,SPP_North,SPP,SPP,SPP
p31089,NE,eastern,SPP_North,SPP,SPP,SPP
p31091,NE,eastern,SPP_North,SPP,SPP,SPP
p31093,NE,eastern,SPP_North,SPP,SPP,SPP
p31095,NE,eastern,SPP_North,SPP,SPP,SPP
p31099,NE,eastern,SPP_North,SPP,SPP,SPP
p31103,NE,eastern,SPP_North,SPP,SPP,SPP
p31107,NE,eastern,SPP_North,SPP,SPP,SPP
p31111,NE,eastern,SPP_North,SPP,SPP,SPP
p31113,NE,eastern,SPP_North,SPP,SPP,SPP
p31115,NE,eastern,SPP_North,SPP,SPP,SPP
p31117,NE,eastern,SPP_North,SPP,SPP,SPP
p31119,NE,eastern,SPP_North,SPP,SPP,SPP
p31121,NE,eastern,SPP_North,SPP,SPP,SPP
p31125,NE,eastern,SPP_North,SPP,SPP,SPP
p31129,NE,eastern,SPP_North,SPP,SPP,SPP
p31137,NE,eastern,SPP_North,SPP,SPP,SPP
p31139,NE,eastern,SPP_North,SPP,SPP,SPP
p31141,NE,eastern,SPP_North,SPP,SPP,SPP
p31143,NE,eastern,SPP_North,SPP,SPP,SPP
p31145,NE,eastern,SPP_North,SPP,SPP,SPP
p31149,NE,eastern,SPP_North,SPP,SPP,SPP
p31151,NE,eastern,SPP_North,SPP,SPP,SPP
p31159,NE,eastern,SPP_North,SPP,SPP,SPP
p31163,NE,eastern,SPP_North,SPP,SPP,SPP
p31167,NE,eastern,SPP_North,SPP,SPP,SPP
p31169,NE,eastern,SPP_North,SPP,SPP,SPP
p31171,NE,eastern,SPP_North,SPP,SPP,SPP
p31173,NE,eastern,SPP_North,SPP,SPP,SPP
p31175,NE,eastern,SPP_North,SPP,SPP,SPP
p31179,NE,eastern,SPP_North,SPP,SPP,SPP
p31181,NE,eastern,SPP_North,SPP,SPP,SPP
p31183,NE,eastern,SPP_North,SPP,SPP,SPP
p31185,NE,eastern,SPP_North,SPP,SPP,SPP
p31021,NE,eastern,SPP_North,SPP,SPP,SPP
p31025,NE,eastern,SPP_North,SPP,SPP,SPP
p31037,NE,eastern,SPP_North,SPP,SPP,SPP
p31053,NE,eastern,SPP_North,SPP,SPP,SPP
p31055,NE,eastern,SPP_North,SPP,SPP,SPP
p31097,NE,eastern,SPP_North,SPP,SPP,SPP
p31109,NE,eastern,SPP_North,SPP,SPP,SPP
p31127,NE,eastern,SPP_North,SPP,SPP,SPP
p31131,NE,eastern,SPP_North,SPP,SPP,SPP
p31133,NE,eastern,SPP_North,SPP,SPP,SPP
p31147,NE,eastern,SPP_North,SPP,SPP,SPP
p31153,NE,eastern,SPP_North,SPP,SPP,SPP
p31155,NE,eastern,SPP_North,SPP,SPP,SPP
p31177,NE,eastern,SPP_North,SPP,SPP,SPP
p27005,MN,eastern,MISO_North,MISO,MISO,MISO
p27007,MN,eastern,MISO_North,MISO,MISO,MISO
p27027,MN,eastern,MISO_North,MISO,MISO,MISO
p27029,MN,eastern,MISO_North,MISO,MISO,MISO
p27069,MN,eastern,MISO_North,MISO,MISO,MISO
p27071,MN,eastern,MISO_North,MISO,MISO,MISO
p27077,MN,eastern,MISO_North,MISO,MISO,MISO
p27087,MN,eastern,MISO_North,MISO,MISO,MISO
p27089,MN,eastern,MISO_North,MISO,MISO,MISO
p27107,MN,eastern,MISO_North,MISO,MISO,MISO
p27113,MN,eastern,MISO_North,MISO,MISO,MISO
p27119,MN,eastern,MISO_North,MISO,MISO,MISO
p27125,MN,eastern,MISO_North,MISO,MISO,MISO
p27135,MN,eastern,MISO_North,MISO,MISO,MISO
p27001,MN,eastern,MISO_North,MISO,MISO,MISO
p27003,MN,eastern,MISO_North,MISO,MISO,MISO
p27009,MN,eastern,MISO_North,MISO,MISO,MISO
p27011,MN,eastern,MISO_North,MISO,MISO,MISO
p27017,MN,eastern,MISO_North,MISO,MISO,MISO
p27019,MN,eastern,MISO_North,MISO,MISO,MISO
p27021,MN,eastern,MISO_North,MISO,MISO,MISO
p27025,MN,eastern,MISO_North,MISO,MISO,MISO
p27031,MN,eastern,MISO_North,MISO,MISO,MISO
p27035,MN,eastern,MISO_North,MISO,MISO,MISO
p27037,MN,eastern,MISO_North,MISO,MISO,MISO
p27039,MN,eastern,MISO_North,MISO,MISO,MISO
p27041,MN,eastern,MISO_North,MISO,MISO,MISO
p27049,MN,eastern,MISO_North,MISO,MISO,MISO
p27051,MN,eastern,MISO_North,MISO,MISO,MISO
p27053,MN,eastern,MISO_North,MISO,MISO,MISO
p27057,MN,eastern,MISO_North,MISO,MISO,MISO
p27059,MN,eastern,MISO_North,MISO,MISO,MISO
p27061,MN,eastern,MISO_North,MISO,MISO,MISO
p27065,MN,eastern,MISO_North,MISO,MISO,MISO
p27067,MN,eastern,MISO_North,MISO,MISO,MISO
p27075,MN,eastern,MISO_North,MISO,MISO,MISO
p27079,MN,eastern,MISO_North,MISO,MISO,MISO
p27085,MN,eastern,MISO_North,MISO,MISO,MISO
p27093,MN,eastern,MISO_North,MISO,MISO,MISO
p27095,MN,eastern,MISO_North,MISO,MISO,MISO
p27097,MN,eastern,MISO_North,MISO,MISO,MISO
p27109,MN,eastern,MISO_North,MISO,MISO,MISO
p27111,MN,eastern,MISO_North,MISO,MISO,MISO
p27115,MN,eastern,MISO_North,MISO,MISO,MISO
p27121,MN,eastern,MISO_North,MISO,MISO,MISO
p27123,MN,eastern,MISO_North,MISO,MISO,MISO
p27131,MN,eastern,MISO_North,MISO,MISO,MISO
p27137,MN,eastern,MISO_North,MISO,MISO,MISO
p27139,MN,eastern,MISO_North,MISO,MISO,MISO
p27141,MN,eastern,MISO_North,MISO,MISO,MISO
p27143,MN,eastern,MISO_North,MISO,MISO,MISO
p27145,MN,eastern,MISO_North,MISO,MISO,MISO
p27147,MN,eastern,MISO_North,MISO,MISO,MISO
p27149,MN,eastern,MISO_North,MISO,MISO,MISO
p27151,MN,eastern,MISO_North,MISO,MISO,MISO
p27153,MN,eastern,MISO_North,MISO,MISO,MISO
p27155,MN,eastern,MISO_North,MISO,MISO,MISO
p27157,MN,eastern,MISO_North,MISO,MISO,MISO
p27159,MN,eastern,MISO_North,MISO,MISO,MISO
p27163,MN,eastern,MISO_North,MISO,MISO,MISO
p27167,MN,eastern,MISO_North,MISO,MISO,MISO
p27169,MN,eastern,MISO_North,MISO,MISO,MISO
p27171,MN,eastern,MISO_North,MISO,MISO,MISO
p27023,MN,eastern,MISO_North,MISO,MISO,MISO
p27073,MN,eastern,MISO_North,MISO,MISO,MISO
p27081,MN,eastern,MISO_North,MISO,MISO,MISO
p27083,MN,eastern,MISO_North,MISO,MISO,MISO
p27101,MN,eastern,MISO_North,MISO,MISO,MISO
p27105,MN,eastern,MISO_North,MISO,MISO,MISO
p27117,MN,eastern,MISO_North,MISO,MISO,MISO
p27127,MN,eastern,MISO_North,MISO,MISO,MISO
p27129,MN,eastern,MISO_North,MISO,MISO,MISO
p27133,MN,eastern,MISO_North,MISO,MISO,MISO
p27173,MN,eastern,MISO_North,MISO,MISO,MISO
p19009,IA,eastern,MISO_North,MISO,MISO,MISO
p19021,IA,eastern,MISO_North,MISO,MISO,MISO
p19025,IA,eastern,MISO_North,MISO,MISO,MISO
p19027,IA,eastern,MISO_North,MISO,MISO,MISO
p19033,IA,eastern,MISO_North,MISO,MISO,MISO
p19035,IA,eastern,MISO_North,MISO,MISO,MISO
p19041,IA,eastern,MISO_North,MISO,MISO,MISO
p19047,IA,eastern,MISO_North,MISO,MISO,MISO
p19059,IA,eastern,MISO_North,MISO,MISO,MISO
p19063,IA,eastern,MISO_North,MISO,MISO,MISO
p19069,IA,eastern,MISO_North,MISO,MISO,MISO
p19071,IA,eastern,MISO_North,MISO,MISO,MISO
p19081,IA,eastern,MISO_North,MISO,MISO,MISO
p19085,IA,eastern,MISO_North,MISO,MISO,MISO
p19091,IA,eastern,MISO_North,MISO,MISO,MISO
p19093,IA,eastern,MISO_North,MISO,MISO,MISO
p19109,IA,eastern,MISO_North,MISO,MISO,MISO
p19119,IA,eastern,MISO_North,MISO,MISO,MISO
p19129,IA,eastern,MISO_North,MISO,MISO,MISO
p19133,IA,eastern,MISO_North,MISO,MISO,MISO
p19137,IA,eastern,MISO_North,MISO,MISO,MISO
p19141,IA,eastern,MISO_North,MISO,MISO,MISO
p19143,IA,eastern,MISO_North,MISO,MISO,MISO
p19145,IA,eastern,MISO_North,MISO,MISO,MISO
p19147,IA,eastern,MISO_North,MISO,MISO,MISO
p19149,IA,eastern,MISO_North,MISO,MISO,MISO
p19151,IA,eastern,MISO_North,MISO,MISO,MISO
p19155,IA,eastern,MISO_North,MISO,MISO,MISO
p19161,IA,eastern,MISO_North,MISO,MISO,MISO
p19165,IA,eastern,MISO_North,MISO,MISO,MISO
p19167,IA,eastern,MISO_North,MISO,MISO,MISO
p19173,IA,eastern,MISO_North,MISO,MISO,MISO
p19187,IA,eastern,MISO_North,MISO,MISO,MISO
p19189,IA,eastern,MISO_North,MISO,MISO,MISO
p19193,IA,eastern,MISO_North,MISO,MISO,MISO
p19195,IA,eastern,MISO_North,MISO,MISO,MISO
p19197,IA,eastern,MISO_North,MISO,MISO,MISO
p55003,WI,eastern,MISO_North,MISO,MISO,MISO
p55005,WI,eastern,MISO_North,MISO,MISO,MISO
p55007,WI,eastern,MISO_North,MISO,MISO,MISO
p55011,WI,eastern,MISO_North,MISO,MISO,MISO
p55013,WI,eastern,MISO_North,MISO,MISO,MISO
p55017,WI,eastern,MISO_North,MISO,MISO,MISO
p55019,WI,eastern,MISO_North,MISO,MISO,MISO
p55031,WI,eastern,MISO_North,MISO,MISO,MISO
p55033,WI,eastern,MISO_North,MISO,MISO,MISO
p55035,WI,eastern,MISO_North,MISO,MISO,MISO
p55051,WI,eastern,MISO_North,MISO,MISO,MISO
p55063,WI,eastern,MISO_North,MISO,MISO,MISO
p55091,WI,eastern,MISO_North,MISO,MISO,MISO
p55093,WI,eastern,MISO_North,MISO,MISO,MISO
p55095,WI,eastern,MISO_North,MISO,MISO,MISO
p55099,WI,eastern,MISO_North,MISO,MISO,MISO
p55107,WI,eastern,MISO_North,MISO,MISO,MISO
p55109,WI,eastern,MISO_North,MISO,MISO,MISO
p55113,WI,eastern,MISO_North,MISO,MISO,MISO
p55119,WI,eastern,MISO_North,MISO,MISO,MISO
p55121,WI,eastern,MISO_North,MISO,MISO,MISO
p55129,WI,eastern,MISO_North,MISO,MISO,MISO
p35005,NM,eastern,SPP_South,SPP,SPP,SPP
p35009,NM,eastern,SPP_South,SPP,SPP,SPP
p35015,NM,eastern,SPP_South,SPP,SPP,SPP
p35025,NM,eastern,SPP_South,SPP,SPP,SPP
p35037,NM,eastern,SPP_South,SPP,SPP,SPP
p35041,NM,eastern,SPP_South,SPP,SPP,SPP
p48011,TX,eastern,SPP_South,SPP,SPP,SPP
p48017,TX,eastern,SPP_South,SPP,SPP,SPP
p48065,TX,eastern,SPP_South,SPP,SPP,SPP
p48069,TX,eastern,SPP_South,SPP,SPP,SPP
p48079,TX,eastern,SPP_South,SPP,SPP,SPP
p48087,TX,eastern,SPP_South,SPP,SPP,SPP
p48111,TX,eastern,SPP_South,SPP,SPP,SPP
p48117,TX,eastern,SPP_South,SPP,SPP,SPP
p48129,TX,eastern,SPP_South,SPP,SPP,SPP
p48153,TX,eastern,SPP_South,SPP,SPP,SPP
p48165,TX,eastern,SPP_South,SPP,SPP,SPP
p48169,TX,eastern,SPP_South,SPP,SPP,SPP
p48179,TX,eastern,SPP_South,SPP,SPP,SPP
p48189,TX,eastern,SPP_South,SPP,SPP,SPP
p48195,TX,eastern,SPP_South,SPP,SPP,SPP
p48205,TX,eastern,SPP_South,SPP,SPP,SPP
p48211,TX,eastern,SPP_South,SPP,SPP,SPP
p48219,TX,eastern,SPP_South,SPP,SPP,SPP
p48233,TX,eastern,SPP_South,SPP,SPP,SPP
p48279,TX,eastern,SPP_South,SPP,SPP,SPP
p48295,TX,eastern,SPP_South,SPP,SPP,SPP
p48303,TX,eastern,SPP_South,SPP,SPP,SPP
p48305,TX,eastern,SPP_South,SPP,SPP,SPP
p48341,TX,eastern,SPP_South,SPP,SPP,SPP
p48357,TX,eastern,SPP_South,SPP,SPP,SPP
p48359,TX,texas,ERCOT,ERCOT,ERCOT,ERCOT
p48369,TX,eastern,SPP_South,SPP,SPP,SPP
p48375,TX,eastern,SPP_South,SPP,SPP,SPP
p48381,TX,eastern,SPP_South,SPP,SPP,SPP
p48393,TX,texas,ERCOT,ERCOT,ERCOT,ERCOT
p48421,TX,eastern,SPP_South,SPP,SPP,SPP
p48437,TX,eastern,SPP_South,SPP,SPP,SPP
p48445,TX,eastern,SPP_South,SPP,SPP,SPP
p48483,TX,eastern,SPP_South,SPP,SPP,SPP
p48501,TX,eastern,SPP_South,SPP,SPP,SPP
p40007,OK,eastern,SPP_South,SPP,SPP,SPP
p40025,OK,eastern,SPP_South,SPP,SPP,SPP
p40139,OK,eastern,SPP_South,SPP,SPP,SPP
p40003,OK,eastern,SPP_South,SPP,SPP,SPP
p40005,OK,eastern,SPP_South,SPP,SPP,SPP
p40009,OK,eastern,SPP_South,SPP,SPP,SPP
p40011,OK,eastern,SPP_South,SPP,SPP,SPP
p40013,OK,eastern,SPP_South,SPP,SPP,SPP
p40015,OK,eastern,SPP_South,SPP,SPP,SPP
p40017,OK,eastern,SPP_South,SPP,SPP,SPP
p40019,OK,eastern,SPP_South,SPP,SPP,SPP
p40023,OK,eastern,SPP_South,SPP,SPP,SPP
p40027,OK,eastern,SPP_South,SPP,SPP,SPP
p40029,OK,eastern,SPP_South,SPP,SPP,SPP
p40031,OK,eastern,SPP_South,SPP,SPP,SPP
p40033,OK,eastern,SPP_South,SPP,SPP,SPP
p40039,OK,eastern,SPP_South,SPP,SPP,SPP
p40043,OK,eastern,SPP_South,SPP,SPP,SPP
p40045,OK,eastern,SPP_South,SPP,SPP,SPP
p40047,OK,eastern,SPP_South,SPP,SPP,SPP
p40049,OK,eastern,SPP_South,SPP,SPP,SPP
p40051,OK,eastern,SPP_South,SPP,SPP,SPP
p40053,OK,eastern,SPP_South,SPP,SPP,SPP
p40055,OK,eastern,SPP_South,SPP,SPP,SPP
p40057,OK,eastern,SPP_South,SPP,SPP,SPP
p40059,OK,eastern,SPP_South,SPP,SPP,SPP
p40061,OK,eastern,SPP_South,SPP,SPP,SPP
p40063,OK,eastern,SPP_South,SPP,SPP,SPP
p40065,OK,eastern,SPP_South,SPP,SPP,SPP
p40067,OK,eastern,SPP_South,SPP,SPP,SPP
p40069,OK,eastern,SPP_South,SPP,SPP,SPP
p40071,OK,eastern,SPP_South,SPP,SPP,SPP
p40073,OK,eastern,SPP_South,SPP,SPP,SPP
p40075,OK,eastern,SPP_South,SPP,SPP,SPP
p40077,OK,eastern,SPP_South,SPP,SPP,SPP
p40079,OK,eastern,SPP_South,SPP,SPP,SPP
p40081,OK,eastern,SPP_South,SPP,SPP,SPP
p40083,OK,eastern,SPP_South,SPP,SPP,SPP
p40085,OK,eastern,SPP_South,SPP,SPP,SPP
p40087,OK,eastern,SPP_South,SPP,SPP,SPP
p40089,OK,eastern,SPP_South,SPP,SPP,SPP
p40091,OK,eastern,SPP_South,SPP,SPP,SPP
p40093,OK,eastern,SPP_South,SPP,SPP,SPP
p40095,OK,eastern,SPP_South,SPP,SPP,SPP
p40099,OK,eastern,SPP_South,SPP,SPP,SPP
p40103,OK,eastern,SPP_South,SPP,SPP,SPP
p40107,OK,eastern,SPP_South,SPP,SPP,SPP
p40109,OK,eastern,SPP_South,SPP,SPP,SPP
p40117,OK,eastern,SPP_South,SPP,SPP,SPP
p40119,OK,eastern,SPP_South,SPP,SPP,SPP
p40121,OK,eastern,SPP_South,SPP,SPP,SPP
p40123,OK,eastern,SPP_South,SPP,SPP,SPP
p40125,OK,eastern,SPP_South,SPP,SPP,SPP
p40127,OK,eastern,SPP_South,SPP,SPP,SPP
p40129,OK,eastern,SPP_South,SPP,SPP,SPP
p40133,OK,eastern,SPP_South,SPP,SPP,SPP
p40135,OK,eastern,SPP_South,SPP,SPP,SPP
p40137,OK,eastern,SPP_South,SPP,SPP,SPP
p40141,OK,eastern,SPP_South,SPP,SPP,SPP
p40149,OK,eastern,SPP_South,SPP,SPP,SPP
p40151,OK,eastern,SPP_South,SPP,SPP,SPP
p40153,OK,eastern,SPP_South,SPP,SPP,SPP
p40001,OK,eastern,SPP_South,SPP,SPP,SPP
p40021,OK,eastern,SPP_South,SPP,SPP,SPP
p40035,OK,eastern,SPP_South,SPP,SPP,SPP
p40037,OK,eastern,SPP_South,SPP,SPP,SPP
p40041,OK,eastern,SPP_South,SPP,SPP,SPP
p40097,OK,eastern,SPP_South,SPP,SPP,SPP
p40101,OK,eastern,SPP_South,SPP,SPP,SPP
p40105,OK,eastern,SPP_South,SPP,SPP,SPP
p40111,OK,eastern,SPP_South,SPP,SPP,SPP
p40113,OK,eastern,SPP_South,SPP,SPP,SPP
p40115,OK,eastern,SPP_South,SPP,SPP,SPP
p40131,OK,eastern,SPP_South,SPP,SPP,SPP
p40143,OK,eastern,SPP_South,SPP,SPP,SPP
p40145,OK,eastern,SPP_South,SPP,SPP,SPP
p40147,OK,eastern,SPP_South,SPP,SPP,SPP
p20023,KS,eastern,SPP_South,SPP,SPP,SPP
p20039,KS,eastern,SPP_South,SPP,SPP,SPP
p20055,KS,eastern,SPP_South,SPP,SPP,SPP
p20063,KS,eastern,SPP_South,SPP,SPP,SPP
p20065,KS,eastern,SPP_South,SPP,SPP,SPP
p20067,KS,eastern,SPP_South,SPP,SPP,SPP
p20071,KS,eastern,SPP_South,SPP,SPP,SPP
p20075,KS,eastern,SPP_South,SPP,SPP,SPP
p20093,KS,eastern,SPP_South,SPP,SPP,SPP
p20101,KS,eastern,SPP_South,SPP,SPP,SPP
p20109,KS,eastern,SPP_South,SPP,SPP,SPP
p20129,KS,eastern,SPP_South,SPP,SPP,SPP
p20137,KS,eastern,SPP_South,SPP,SPP,SPP
p20153,KS,eastern,SPP_South,SPP,SPP,SPP
p20171,KS,eastern,SPP_South,SPP,SPP,SPP
p20179,KS,eastern,SPP_South,SPP,SPP,SPP
p20181,KS,eastern,SPP_South,SPP,SPP,SPP
p20187,KS,eastern,SPP_South,SPP,SPP,SPP
p20189,KS,eastern,SPP_South,SPP,SPP,SPP
p20193,KS,eastern,SPP_South,SPP,SPP,SPP
p20195,KS,eastern,SPP_South,SPP,SPP,SPP
p20199,KS,eastern,SPP_South,SPP,SPP,SPP
p20203,KS,eastern,SPP_South,SPP,SPP,SPP
p20001,KS,eastern,SPP_South,SPP,SPP,SPP
p20003,KS,eastern,SPP_South,SPP,SPP,SPP
p20005,KS,eastern,SPP_South,SPP,SPP,SPP
p20007,KS,eastern,SPP_South,SPP,SPP,SPP
p20009,KS,eastern,SPP_South,SPP,SPP,SPP
p20011,KS,eastern,SPP_South,SPP,SPP,SPP
p20013,KS,eastern,SPP_South,SPP,SPP,SPP
p20015,KS,eastern,SPP_South,SPP,SPP,SPP
p20017,KS,eastern,SPP_South,SPP,SPP,SPP
p20019,KS,eastern,SPP_South,SPP,SPP,SPP
p20021,KS,eastern,SPP_South,SPP,SPP,SPP
p20025,KS,eastern,SPP_South,SPP,SPP,SPP
p20027,KS,eastern,SPP_South,SPP,SPP,SPP
p20029,KS,eastern,SPP_South,SPP,SPP,SPP
p20031,KS,eastern,SPP_South,SPP,SPP,SPP
p20033,KS,eastern,SPP_South,SPP,SPP,SPP
p20035,KS,eastern,SPP_South,SPP,SPP,SPP
p20037,KS,eastern,SPP_South,SPP,SPP,SPP
p20041,KS,eastern,SPP_South,SPP,SPP,SPP
p20043,KS,eastern,SPP_South,SPP,SPP,SPP
p20045,KS,eastern,SPP_South,SPP,SPP,SPP
p20047,KS,eastern,SPP_South,SPP,SPP,SPP
p20049,KS,eastern,SPP_South,SPP,SPP,SPP
p20051,KS,eastern,SPP_South,SPP,SPP,SPP
p20053,KS,eastern,SPP_South,SPP,SPP,SPP
p20057,KS,eastern,SPP_South,SPP,SPP,SPP
p20059,KS,eastern,SPP_South,SPP,SPP,SPP
p20061,KS,eastern,SPP_South,SPP,SPP,SPP
p20069,KS,eastern,SPP_South,SPP,SPP,SPP
p20073,KS,eastern,SPP_South,SPP,SPP,SPP
p20077,KS,eastern,SPP_South,SPP,SPP,SPP
p20079,KS,eastern,SPP_South,SPP,SPP,SPP
p20081,KS,eastern,SPP_South,SPP,SPP,SPP
p20083,KS,eastern,SPP_South,SPP,SPP,SPP
p20085,KS,eastern,SPP_South,SPP,SPP,SPP
p20087,KS,eastern,SPP_South,SPP,SPP,SPP
p20089,KS,eastern,SPP_South,SPP,SPP,SPP
p20091,KS,eastern,SPP_South,SPP,SPP,SPP
p20095,KS,eastern,SPP_South,SPP,SPP,SPP
p20097,KS,eastern,SPP_South,SPP,SPP,SPP
p20099,KS,eastern,SPP_South,SPP,SPP,SPP
p20103,KS,eastern,SPP_South,SPP,SPP,SPP
p20105,KS,eastern,SPP_South,SPP,SPP,SPP
p20107,KS,eastern,SPP_South,SPP,SPP,SPP
p20111,KS,eastern,SPP_South,SPP,SPP,SPP
p20113,KS,eastern,SPP_South,SPP,SPP,SPP
p20115,KS,eastern,SPP_South,SPP,SPP,SPP
p20117,KS,eastern,SPP_South,SPP,SPP,SPP
p20119,KS,eastern,SPP_South,SPP,SPP,SPP
p20121,KS,eastern,SPP_South,SPP,SPP,SPP
p20123,KS,eastern,SPP_South,SPP,SPP,SPP
p20125,KS,eastern,SPP_South,SPP,SPP,SPP
p20127,KS,eastern,SPP_South,SPP,SPP,SPP
p20131,KS,eastern,SPP_South,SPP,SPP,SPP
p20133,KS,eastern,SPP_South,SPP,SPP,SPP
p20135,KS,eastern,SPP_South,SPP,SPP,SPP
p20139,KS,eastern,SPP_South,SPP,SPP,SPP
p20141,KS,eastern,SPP_South,SPP,SPP,SPP
p20143,KS,eastern,SPP_South,SPP,SPP,SPP
p20145,KS,eastern,SPP_South,SPP,SPP,SPP
p20147,KS,eastern,SPP_South,SPP,SPP,SPP
p20149,KS,eastern,SPP_South,SPP,SPP,SPP
p20151,KS,eastern,SPP_South,SPP,SPP,SPP
p20155,KS,eastern,SPP_South,SPP,SPP,SPP
p20157,KS,eastern,SPP_South,SPP,SPP,SPP
p20159,KS,eastern,SPP_South,SPP,SPP,SPP
p20161,KS,eastern,SPP_South,SPP,SPP,SPP
p20163,KS,eastern,SPP_South,SPP,SPP,SPP
p20165,KS,eastern,SPP_South,SPP,SPP,SPP
p20167,KS,eastern,SPP_South,SPP,SPP,SPP
p20169,KS,eastern,SPP_South,SPP,SPP,SPP
p20173,KS,eastern,SPP_South,SPP,SPP,SPP
p20175,KS,eastern,SPP_South,SPP,SPP,SPP
p20177,KS,eastern,SPP_South,SPP,SPP,SPP
p20183,KS,eastern,SPP_South,SPP,SPP,SPP
p20185,KS,eastern,SPP_South,SPP,SPP,SPP
p20191,KS,eastern,SPP_South,SPP,SPP,SPP
p20197,KS,eastern,SPP_South,SPP,SPP,SPP
p20201,KS,eastern,SPP_South,SPP,SPP,SPP
p20205,KS,eastern,SPP_South,SPP,SPP,SPP
p20207,KS,eastern,SPP_South,SPP,SPP,SPP
p20209,KS,eastern,SPP_South,SPP,SPP,SPP
p29003,MO,eastern,SPP_South,SPP,SPP,SPP
p29005,MO,eastern,SPP_South,SPP,SPP,SPP
p29021,MO,eastern,SPP_South,SPP,SPP,SPP
p29025,MO,eastern,SPP_South,SPP,SPP,SPP
p29033,MO,eastern,SPP_South,SPP,SPP,SPP
p29037,MO,eastern,SPP_South,SPP,SPP,SPP
p29041,MO,eastern,SPP_South,SPP,SPP,SPP
p29047,MO,eastern,SPP_South,SPP,SPP,SPP
p29049,MO,eastern,SPP_South,SPP,SPP,SPP
p29061,MO,eastern,SPP_South,SPP,SPP,SPP
p29063,MO,eastern,SPP_South,SPP,SPP,SPP
p29075,MO,eastern,SPP_South,SPP,SPP,SPP
p29079,MO,eastern,SPP_South,SPP,SPP,SPP
p29081,MO,eastern,SPP_South,SPP,SPP,SPP
p29087,MO,eastern,SPP_South,SPP,SPP,SPP
p29095,MO,eastern,SPP_South,SPP,SPP,SPP
p29101,MO,eastern,SPP_South,SPP,SPP,SPP
p29107,MO,eastern,SPP_South,SPP,SPP,SPP
p29115,MO,eastern,SPP_South,SPP,SPP,SPP
p29117,MO,eastern,SPP_South,SPP,SPP,SPP
p29129,MO,eastern,SPP_South,SPP,SPP,SPP
p29147,MO,eastern,SPP_South,SPP,SPP,SPP
p29159,MO,eastern,SPP_South,SPP,SPP,SPP
p29165,MO,eastern,SPP_South,SPP,SPP,SPP
p29171,MO,eastern,SPP_South,SPP,SPP,SPP
p29177,MO,eastern,SPP_South,SPP,SPP,SPP
p29195,MO,eastern,SPP_South,SPP,SPP,SPP
p29211,MO,eastern,SPP_South,SPP,SPP,SPP
p29227,MO,eastern,SPP_South,SPP,SPP,SPP
p29009,MO,eastern,SPP_South,SPP,SPP,SPP
p29011,MO,eastern,SPP_South,SPP,SPP,SPP
p29013,MO,eastern,SPP_South,SPP,SPP,SPP
p29015,MO,eastern,SPP_South,SPP,SPP,SPP
p29039,MO,eastern,SPP_South,SPP,SPP,SPP
p29043,MO,eastern,SPP_South,SPP,SPP,SPP
p29057,MO,eastern,SPP_South,SPP,SPP,SPP
p29067,MO,eastern,SPP_South,SPP,SPP,SPP
p29077,MO,eastern,SPP_South,SPP,SPP,SPP
p29083,MO,eastern,SPP_South,SPP,SPP,SPP
p29085,MO,eastern,SPP_South,SPP,SPP,SPP
p29097,MO,eastern,SPP_South,SPP,SPP,SPP
p29109,MO,eastern,SPP_South,SPP,SPP,SPP
p29119,MO,eastern,SPP_South,SPP,SPP,SPP
p29145,MO,eastern,SPP_South,SPP,SPP,SPP
p29153,MO,eastern,SPP_South,SPP,SPP,SPP
p29167,MO,eastern,SPP_South,SPP,SPP,SPP
p29185,MO,eastern,SPP_South,SPP,SPP,SPP
p29209,MO,eastern,SPP_South,SPP,SPP,SPP
p29213,MO,eastern,SPP_South,SPP,SPP,SPP
p29217,MO,eastern,SPP_South,SPP,SPP,SPP
p29225,MO,eastern,SPP_South,SPP,SPP,SPP
p05007,AR,eastern,SPP_South,SPP,SPP,SPP
p05009,AR,eastern,SPP_South,SPP,SPP,SPP
p05015,AR,eastern,SPP_South,SPP,SPP,SPP
p05023,AR,eastern,SPP_South,SPP,SPP,SPP
p05033,AR,eastern,SPP_South,SPP,SPP,SPP
p05047,AR,eastern,SPP_South,SPP,SPP,SPP
p05061,AR,eastern,SPP_South,SPP,SPP,SPP
p05071,AR,eastern,SPP_South,SPP,SPP,SPP
p05083,AR,eastern,SPP_South,SPP,SPP,SPP
p05087,AR,eastern,SPP_South,SPP,SPP,SPP
p05089,AR,eastern,SPP_South,SPP,SPP,SPP
p05097,AR,eastern,SPP_South,SPP,SPP,SPP
p05101,AR,eastern,SPP_South,SPP,SPP,SPP
p05109,AR,eastern,SPP_South,SPP,SPP,SPP
p05113,AR,eastern,SPP_South,SPP,SPP,SPP
p05127,AR,eastern,SPP_South,SPP,SPP,SPP
p05129,AR,eastern,SPP_South,SPP,SPP,SPP
p05131,AR,eastern,SPP_South,SPP,SPP,SPP
p05141,AR,eastern,SPP_South,SPP,SPP,SPP
p05143,AR,eastern,SPP_South,SPP,SPP,SPP
p48037,TX,eastern,SPP_South,SPP,SPP,SPP
p48063,TX,eastern,SPP_South,SPP,SPP,SPP
p48067,TX,eastern,SPP_South,SPP,SPP,SPP
p48183,TX,eastern,SPP_South,SPP,SPP,SPP
p48203,TX,eastern,SPP_South,SPP,SPP,SPP
p48315,TX,eastern,SPP_South,SPP,SPP,SPP
p48343,TX,eastern,SPP_South,SPP,SPP,SPP
p48365,TX,eastern,SPP_South,SPP,SPP,SPP
p48449,TX,eastern,SPP_South,SPP,SPP,SPP
p48459,TX,eastern,SPP_South,SPP,SPP,SPP
p22001,LA,eastern,MISO_South,MISO,MISO,MISO
p22003,LA,eastern,MISO_South,MISO,MISO,MISO
p22005,LA,eastern,MISO_South,MISO,MISO,MISO
p22007,LA,eastern,MISO_South,MISO,MISO,MISO
p22009,LA,eastern,MISO_South,MISO,MISO,MISO
p22011,LA,eastern,MISO_South,MISO,MISO,MISO
p22013,LA,eastern,MISO_South,MISO,MISO,MISO
p22015,LA,eastern,MISO_South,MISO,MISO,MISO
p22017,LA,eastern,MISO_South,MISO,MISO,MISO
p22019,LA,eastern,MISO_South,MISO,MISO,MISO
p22021,LA,eastern,MISO_South,MISO,MISO,MISO
p22023,LA,eastern,MISO_South,MISO,MISO,MISO
p22025,LA,eastern,MISO_South,MISO,MISO,MISO
p22029,LA,eastern,MISO_South,MISO,MISO,MISO
p22031,LA,eastern,MISO_South,MISO,MISO,MISO
p22033,LA,eastern,MISO_South,MISO,MISO,MISO
p22037,LA,eastern,MISO_South,MISO,MISO,MISO
p22039,LA,eastern,MISO_South,MISO,MISO,MISO
p22043,LA,eastern,MISO_South,MISO,MISO,MISO
p22045,LA,eastern,MISO_South,MISO,MISO,MISO
p22047,LA,eastern,MISO_South,MISO,MISO,MISO
p22049,LA,eastern,MISO_South,MISO,MISO,MISO
p22051,LA,eastern,MISO_South,MISO,MISO,MISO
p22053,LA,eastern,MISO_South,MISO,MISO,MISO
p22055,LA,eastern,MISO_South,MISO,MISO,MISO
p22057,LA,eastern,MISO_South,MISO,MISO,MISO
p22059,LA,eastern,MISO_South,MISO,MISO,MISO
p22063,LA,eastern,MISO_South,MISO,MISO,MISO
p22069,LA,eastern,MISO_South,MISO,MISO,MISO
p22071,LA,eastern,MISO_South,MISO,MISO,MISO
p22075,LA,eastern,MISO_South,MISO,MISO,MISO
p22077,LA,eastern,MISO_South,MISO,MISO,MISO
p22079,LA,eastern,MISO_South,MISO,MISO,MISO
p22081,LA,eastern,MISO_South,MISO,MISO,MISO
p22085,LA,eastern,MISO_South,MISO,MISO,MISO
p22087,LA,eastern,MISO_South,MISO,MISO,MISO
p22089,LA,eastern,MISO_South,MISO,MISO,MISO
p22091,LA,eastern,MISO_South,MISO,MISO,MISO
p22093,LA,eastern,MISO_South,MISO,MISO,MISO
p22095,LA,eastern,MISO_South,MISO,MISO,MISO
p22097,LA,eastern,MISO_South,MISO,MISO,MISO
p22099,LA,eastern,MISO_South,MISO,MISO,MISO
p22101,LA,eastern,MISO_South,MISO,MISO,MISO
p22103,LA,eastern,MISO_South,MISO,MISO,MISO
p22105,LA,eastern,MISO_South,MISO,MISO,MISO
p22109,LA,eastern,MISO_South,MISO,MISO,MISO
p22113,LA,eastern,MISO_South,MISO,MISO,MISO
p22115,LA,eastern,MISO_South,MISO,MISO,MISO
p22117,LA,eastern,MISO_South,MISO,MISO,MISO
p22119,LA,eastern,MISO_South,MISO,MISO,MISO
p22121,LA,eastern,MISO_South,MISO,MISO,MISO
p22125,LA,eastern,MISO_South,MISO,MISO,MISO
p22127,LA,eastern,MISO_South,MISO,MISO,MISO
p48141,TX,western,WestConnect_South,WestConnect,WECC_SW,El_Paso_Electric
p48023,TX,texas,ERCOT,ERCOT,ERCOT,ERCOT
p48033,TX,texas,ERCOT,ERCOT,ERCOT,ERCOT
p48045,TX,texas,ERCOT,ERCOT,ERCOT,ERCOT
p48075,TX,texas,ERCOT,ERCOT,ERCOT,ERCOT
p48101,TX,texas,ERCOT,ERCOT,ERCOT,ERCOT
p48107,TX,eastern,SPP_South,SPP,SPP,SPP
p48115,TX,texas,ERCOT,ERCOT,ERCOT,ERCOT
p48125,TX,texas,ERCOT,ERCOT,ERCOT,ERCOT
p48151,TX,texas,ERCOT,ERCOT,ERCOT,ERCOT
p48155,TX,texas,ERCOT,ERCOT,ERCOT,ERCOT
p48191,TX,texas,ERCOT,ERCOT,ERCOT,ERCOT
p48197,TX,texas,ERCOT,ERCOT,ERCOT,ERCOT
p48207,TX,texas,ERCOT,ERCOT,ERCOT,ERCOT
p48227,TX,texas,ERCOT,ERCOT,ERCOT,ERCOT
p48253,TX,texas,ERCOT,ERCOT,ERCOT,ERCOT
p48263,TX,texas,ERCOT,ERCOT,ERCOT,ERCOT
p48269,TX,texas,ERCOT,ERCOT,ERCOT,ERCOT
p48275,TX,texas,ERCOT,ERCOT,ERCOT,ERCOT
p48335,TX,texas,ERCOT,ERCOT,ERCOT,ERCOT
p48345,TX,texas,ERCOT,ERCOT,ERCOT,ERCOT
p48353,TX,texas,ERCOT,ERCOT,ERCOT,ERCOT
p48415,TX,texas,ERCOT,ERCOT,ERCOT,ERCOT
p48433,TX,texas,ERCOT,ERCOT,ERCOT,ERCOT
p48487,TX,texas,ERCOT,ERCOT,ERCOT,ERCOT
p48043,TX,texas,ERCOT,ERCOT,ERCOT,ERCOT
p48059,TX,texas,ERCOT,ERCOT,ERCOT,ERCOT
p48081,TX,texas,ERCOT,ERCOT,ERCOT,ERCOT
p48083,TX,texas,ERCOT,ERCOT,ERCOT,ERCOT
p48095,TX,texas,ERCOT,ERCOT,ERCOT,ERCOT
p48105,TX,texas,ERCOT,ERCOT,ERCOT,ERCOT
p48109,TX,texas,ERCOT,ERCOT,ERCOT,ERCOT
p48229,TX,western,WestConnect_South,WestConnect,WECC_SW,El_Paso_Electric
p48235,TX,texas,ERCOT,ERCOT,ERCOT,ERCOT
p48243,TX,texas,ERCOT,ERCOT,ERCOT,ERCOT
p48271,TX,texas,ERCOT,ERCOT,ERCOT,ERCOT
p48371,TX,texas,ERCOT,ERCOT,ERCOT,ERCOT
p48377,TX,texas,ERCOT,ERCOT,ERCOT,ERCOT
p48389,TX,texas,ERCOT,ERCOT,ERCOT,ERCOT
p48399,TX,texas,ERCOT,ERCOT,ERCOT,ERCOT
p48413,TX,texas,ERCOT,ERCOT,ERCOT,ERCOT
p48431,TX,texas,ERCOT,ERCOT,ERCOT,ERCOT
p48435,TX,texas,ERCOT,ERCOT,ERCOT,ERCOT
p48441,TX,texas,ERCOT,ERCOT,ERCOT,ERCOT
p48443,TX,texas,ERCOT,ERCOT,ERCOT,ERCOT
p48451,TX,texas,ERCOT,ERCOT,ERCOT,ERCOT
p48465,TX,texas,ERCOT,ERCOT,ERCOT,ERCOT
p48003,TX,texas,ERCOT,ERCOT,ERCOT,ERCOT
p48103,TX,texas,ERCOT,ERCOT,ERCOT,ERCOT
p48135,TX,texas,ERCOT,ERCOT,ERCOT,ERCOT
p48173,TX,texas,ERCOT,ERCOT,ERCOT,ERCOT
p48301,TX,texas,ERCOT,ERCOT,ERCOT,ERCOT
p48317,TX,texas,ERCOT,ERCOT,ERCOT,ERCOT
p48329,TX,texas,ERCOT,ERCOT,ERCOT,ERCOT
p48383,TX,texas,ERCOT,ERCOT,ERCOT,ERCOT
p48461,TX,texas,ERCOT,ERCOT,ERCOT,ERCOT
p48475,TX,texas,ERCOT,ERCOT,ERCOT,ERCOT
p48495,TX,texas,ERCOT,ERCOT,ERCOT,ERCOT
p48001,TX,texas,ERCOT,ERCOT,ERCOT,ERCOT
p48005,TX,texas,ERCOT,ERCOT,ERCOT,ERCOT
p48009,TX,texas,ERCOT,ERCOT,ERCOT,ERCOT
p48027,TX,texas,ERCOT,ERCOT,ERCOT,ERCOT
p48035,TX,texas,ERCOT,ERCOT,ERCOT,ERCOT
p48049,TX,texas,ERCOT,ERCOT,ERCOT,ERCOT
p48073,TX,texas,ERCOT,ERCOT,ERCOT,ERCOT
p48077,TX,texas,ERCOT,ERCOT,ERCOT,ERCOT
p48085,TX,texas,ERCOT,ERCOT,ERCOT,ERCOT
p48093,TX,texas,ERCOT,ERCOT,ERCOT,ERCOT
p48097,TX,texas,ERCOT,ERCOT,ERCOT,ERCOT
p48099,TX,texas,ERCOT,ERCOT,ERCOT,ERCOT
p48113,TX,texas,ERCOT,ERCOT,ERCOT,ERCOT
p48119,TX,texas,ERCOT,ERCOT,ERCOT,ERCOT
p48121,TX,texas,ERCOT,ERCOT,ERCOT,ERCOT
p48133,TX,texas,ERCOT,ERCOT,ERCOT,ERCOT
p48139,TX,texas,ERCOT,ERCOT,ERCOT,ERCOT
p48143,TX,texas,ERCOT,ERCOT,ERCOT,ERCOT
p48145,TX,texas,ERCOT,ERCOT,ERCOT,ERCOT
p48147,TX,texas,ERCOT,ERCOT,ERCOT,ERCOT
p48159,TX,eastern,SPP_South,SPP,SPP,SPP
p48161,TX,texas,ERCOT,ERCOT,ERCOT,ERCOT
p48181,TX,texas,ERCOT,ERCOT,ERCOT,ERCOT
p48193,TX,texas,ERCOT,ERCOT,ERCOT,ERCOT
p48213,TX,texas,ERCOT,ERCOT,ERCOT,ERCOT
p48217,TX,texas,ERCOT,ERCOT,ERCOT,ERCOT
p48221,TX,texas,ERCOT,ERCOT,ERCOT,ERCOT
p48223,TX,texas,ERCOT,ERCOT,ERCOT,ERCOT
p48225,TX,texas,ERCOT,ERCOT,ERCOT,ERCOT
p48231,TX,texas,ERCOT,ERCOT,ERCOT,ERCOT
p48237,TX,texas,ERCOT,ERCOT,ERCOT,ERCOT
p48251,TX,texas,ERCOT,ERCOT,ERCOT,ERCOT
p48257,TX,texas,ERCOT,ERCOT,ERCOT,ERCOT
p48277,TX,texas,ERCOT,ERCOT,ERCOT,ERCOT
p48281,TX,texas,ERCOT,ERCOT,ERCOT,ERCOT
p48289,TX,texas,ERCOT,ERCOT,ERCOT,ERCOT
p48293,TX,texas,ERCOT,ERCOT,ERCOT,ERCOT
p48307,TX,texas,ERCOT,ERCOT,ERCOT,ERCOT
p48309,TX,texas,ERCOT,ERCOT,ERCOT,ERCOT
p48313,TX,texas,ERCOT,ERCOT,ERCOT,ERCOT
p48331,TX,texas,ERCOT,ERCOT,ERCOT,ERCOT
p48333,TX,texas,ERCOT,ERCOT,ERCOT,ERCOT
p48337,TX,texas,ERCOT,ERCOT,ERCOT,ERCOT
p48349,TX,texas,ERCOT,ERCOT,ERCOT,ERCOT
p48363,TX,texas,ERCOT,ERCOT,ERCOT,ERCOT
p48367,TX,texas,ERCOT,ERCOT,ERCOT,ERCOT
p48379,TX,texas,ERCOT,ERCOT,ERCOT,ERCOT
p48387,TX,texas,ERCOT,ERCOT,ERCOT,ERCOT
p48395,TX,texas,ERCOT,ERCOT,ERCOT,ERCOT
p48397,TX,texas,ERCOT,ERCOT,ERCOT,ERCOT
p48401,TX,eastern,SPP_South,SPP,SPP,SPP
p48411,TX,texas,ERCOT,ERCOT,ERCOT,ERCOT
p48417,TX,texas,ERCOT,ERCOT,ERCOT,ERCOT
p48423,TX,texas,ERCOT,ERCOT,ERCOT,ERCOT
p48425,TX,texas,ERCOT,ERCOT,ERCOT,ERCOT
p48429,TX,texas,ERCOT,ERCOT,ERCOT,ERCOT
p48439,TX,texas,ERCOT,ERCOT,ERCOT,ERCOT
p48447,TX,texas,ERCOT,ERCOT,ERCOT,ERCOT
p48467,TX,texas,ERCOT,ERCOT,ERCOT,ERCOT
p48485,TX,texas,ERCOT,ERCOT,ERCOT,ERCOT
p48497,TX,texas,ERCOT,ERCOT,ERCOT,ERCOT
p48499,TX,eastern,SPP_South,SPP,SPP,SPP
p48503,TX,texas,ERCOT,ERCOT,ERCOT,ERCOT
p48015,TX,texas,ERCOT,ERCOT,ERCOT,ERCOT
p48019,TX,texas,ERCOT,ERCOT,ERCOT,ERCOT
p48021,TX,texas,ERCOT,ERCOT,ERCOT,ERCOT
p48031,TX,texas,ERCOT,ERCOT,ERCOT,ERCOT
p48041,TX,texas,ERCOT,ERCOT,ERCOT,ERCOT
p48051,TX,texas,ERCOT,ERCOT,ERCOT,ERCOT
p48053,TX,texas,ERCOT,ERCOT,ERCOT,ERCOT
p48055,TX,texas,ERCOT,ERCOT,ERCOT,ERCOT
p48089,TX,texas,ERCOT,ERCOT,ERCOT,ERCOT
p48091,TX,texas,ERCOT,ERCOT,ERCOT,ERCOT
p48123,TX,texas,ERCOT,ERCOT,ERCOT,ERCOT
p48137,TX,texas,ERCOT,ERCOT,ERCOT,ERCOT
p48149,TX,texas,ERCOT,ERCOT,ERCOT,ERCOT
p48171,TX,texas,ERCOT,ERCOT,ERCOT,ERCOT
p48177,TX,texas,ERCOT,ERCOT,ERCOT,ERCOT
p48185,TX,texas,ERCOT,ERCOT,ERCOT,ERCOT
p48187,TX,texas,ERCOT,ERCOT,ERCOT,ERCOT
p48209,TX,texas,ERCOT,ERCOT,ERCOT,ERCOT
p48259,TX,texas,ERCOT,ERCOT,ERCOT,ERCOT
p48265,TX,texas,ERCOT,ERCOT,ERCOT,ERCOT
p48267,TX,texas,ERCOT,ERCOT,ERCOT,ERCOT
p48285,TX,texas,ERCOT,ERCOT,ERCOT,ERCOT
p48287,TX,texas,ERCOT,ERCOT,ERCOT,ERCOT
p48299,TX,texas,ERCOT,ERCOT,ERCOT,ERCOT
p48319,TX,texas,ERCOT,ERCOT,ERCOT,ERCOT
p48327,TX,texas,ERCOT,ERCOT,ERCOT,ERCOT
p48385,TX,texas,ERCOT,ERCOT,ERCOT,ERCOT
p48453,TX,texas,ERCOT,ERCOT,ERCOT,ERCOT
p48471,TX,eastern,MISO_South,MISO,MISO,MISO
p48473,TX,texas,ERCOT,ERCOT,ERCOT,ERCOT
p48477,TX,texas,ERCOT,ERCOT,ERCOT,ERCOT
p48491,TX,texas,ERCOT,ERCOT,ERCOT,ERCOT
p48007,TX,texas,ERCOT,ERCOT,ERCOT,ERCOT
p48013,TX,texas,ERCOT,ERCOT,ERCOT,ERCOT
p48025,TX,texas,ERCOT,ERCOT,ERCOT,ERCOT
p48029,TX,texas,ERCOT,ERCOT,ERCOT,ERCOT
p48047,TX,texas,ERCOT,ERCOT,ERCOT,ERCOT
p48057,TX,texas,ERCOT,ERCOT,ERCOT,ERCOT
p48061,TX,texas,ERCOT,ERCOT,ERCOT,ERCOT
p48127,TX,texas,ERCOT,ERCOT,ERCOT,ERCOT
p48131,TX,texas,ERCOT,ERCOT,ERCOT,ERCOT
p48163,TX,texas,ERCOT,ERCOT,ERCOT,ERCOT
p48175,TX,texas,ERCOT,ERCOT,ERCOT,ERCOT
p48215,TX,texas,ERCOT,ERCOT,ERCOT,ERCOT
p48239,TX,texas,ERCOT,ERCOT,ERCOT,ERCOT
p48247,TX,texas,ERCOT,ERCOT,ERCOT,ERCOT
p48249,TX,texas,ERCOT,ERCOT,ERCOT,ERCOT
p48255,TX,texas,ERCOT,ERCOT,ERCOT,ERCOT
p48261,TX,texas,ERCOT,ERCOT,ERCOT,ERCOT
p48273,TX,texas,ERCOT,ERCOT,ERCOT,ERCOT
p48283,TX,texas,ERCOT,ERCOT,ERCOT,ERCOT
p48297,TX,texas,ERCOT,ERCOT,ERCOT,ERCOT
p48311,TX,texas,ERCOT,ERCOT,ERCOT,ERCOT
p48321,TX,texas,ERCOT,ERCOT,ERCOT,ERCOT
p48323,TX,texas,ERCOT,ERCOT,ERCOT,ERCOT
p48325,TX,texas,ERCOT,ERCOT,ERCOT,ERCOT
p48355,TX,texas,ERCOT,ERCOT,ERCOT,ERCOT
p48391,TX,texas,ERCOT,ERCOT,ERCOT,ERCOT
p48409,TX,texas,ERCOT,ERCOT,ERCOT,ERCOT
p48427,TX,texas,ERCOT,ERCOT,ERCOT,ERCOT
p48463,TX,texas,ERCOT,ERCOT,ERCOT,ERCOT
p48469,TX,texas,ERCOT,ERCOT,ERCOT,ERCOT
p48479,TX,texas,ERCOT,ERCOT,ERCOT,ERCOT
p48481,TX,texas,ERCOT,ERCOT,ERCOT,ERCOT
p48489,TX,texas,ERCOT,ERCOT,ERCOT,ERCOT
p48493,TX,texas,ERCOT,ERCOT,ERCOT,ERCOT
p48505,TX,texas,ERCOT,ERCOT,ERCOT,ERCOT
p48507,TX,texas,ERCOT,ERCOT,ERCOT,ERCOT
p48071,TX,texas,ERCOT,ERCOT,ERCOT,ERCOT
p48199,TX,eastern,MISO_South,MISO,MISO,MISO
p48241,TX,eastern,MISO_South,MISO,MISO,MISO
p48245,TX,eastern,MISO_South,MISO,MISO,MISO
p48291,TX,eastern,MISO_South,MISO,MISO,MISO
p48339,TX,eastern,MISO_South,MISO,MISO,MISO
p48347,TX,texas,ERCOT,ERCOT,ERCOT,ERCOT
p48351,TX,eastern,MISO_South,MISO,MISO,MISO
p48361,TX,eastern,MISO_South,MISO,MISO,MISO
p48373,TX,eastern,MISO_South,MISO,MISO,MISO
p48403,TX,eastern,MISO_South,MISO,MISO,MISO
p48405,TX,eastern,MISO_South,MISO,MISO,MISO
p48407,TX,eastern,MISO_South,MISO,MISO,MISO
p48419,TX,eastern,MISO_South,MISO,MISO,MISO
p48455,TX,eastern,MISO_South,MISO,MISO,MISO
p48457,TX,eastern,MISO_South,MISO,MISO,MISO
p48039,TX,texas,ERCOT,ERCOT,ERCOT,ERCOT
p48157,TX,texas,ERCOT,ERCOT,ERCOT,ERCOT
p48167,TX,texas,ERCOT,ERCOT,ERCOT,ERCOT
p48201,TX,texas,ERCOT,ERCOT,ERCOT,ERCOT
p27013,MN,eastern,MISO_North,MISO,MISO,MISO
p27015,MN,eastern,MISO_North,MISO,MISO,MISO
p27033,MN,eastern,MISO_North,MISO,MISO,MISO
p27043,MN,eastern,MISO_North,MISO,MISO,MISO
p27045,MN,eastern,MISO_North,MISO,MISO,MISO
p27047,MN,eastern,MISO_North,MISO,MISO,MISO
p27055,MN,eastern,MISO_North,MISO,MISO,MISO
p27063,MN,eastern,MISO_North,MISO,MISO,MISO
p27091,MN,eastern,MISO_North,MISO,MISO,MISO
p27099,MN,eastern,MISO_North,MISO,MISO,MISO
p27103,MN,eastern,MISO_North,MISO,MISO,MISO
p27161,MN,eastern,MISO_North,MISO,MISO,MISO
p27165,MN,eastern,MISO_North,MISO,MISO,MISO
p19005,IA,eastern,MISO_North,MISO,MISO,MISO
p19013,IA,eastern,MISO_North,MISO,MISO,MISO
p19017,IA,eastern,MISO_North,MISO,MISO,MISO
p19019,IA,eastern,MISO_North,MISO,MISO,MISO
p19023,IA,eastern,MISO_North,MISO,MISO,MISO
p19037,IA,eastern,MISO_North,MISO,MISO,MISO
p19043,IA,eastern,MISO_North,MISO,MISO,MISO
p19065,IA,eastern,MISO_North,MISO,MISO,MISO
p19067,IA,eastern,MISO_North,MISO,MISO,MISO
p19075,IA,eastern,MISO_North,MISO,MISO,MISO
p19089,IA,eastern,MISO_North,MISO,MISO,MISO
p19131,IA,eastern,MISO_North,MISO,MISO,MISO
p19191,IA,eastern,MISO_North,MISO,MISO,MISO
p19001,IA,eastern,MISO_North,MISO,MISO,MISO
p19003,IA,eastern,MISO_North,MISO,MISO,MISO
p19007,IA,eastern,MISO_North,MISO,MISO,MISO
p19011,IA,eastern,MISO_North,MISO,MISO,MISO
p19015,IA,eastern,MISO_North,MISO,MISO,MISO
p19029,IA,eastern,MISO_North,MISO,MISO,MISO
p19031,IA,eastern,MISO_North,MISO,MISO,MISO
p19039,IA,eastern,MISO_North,MISO,MISO,MISO
p19045,IA,eastern,MISO_North,MISO,MISO,MISO
p19049,IA,eastern,MISO_North,MISO,MISO,MISO
p19051,IA,eastern,MISO_North,MISO,MISO,MISO
p19053,IA,eastern,MISO_North,MISO,MISO,MISO
p19055,IA,eastern,MISO_North,MISO,MISO,MISO
p19057,IA,eastern,MISO_North,MISO,MISO,MISO
p19061,IA,eastern,MISO_North,MISO,MISO,MISO
p19073,IA,eastern,MISO_North,MISO,MISO,MISO
p19077,IA,eastern,MISO_North,MISO,MISO,MISO
p19079,IA,eastern,MISO_North,MISO,MISO,MISO
p19083,IA,eastern,MISO_North,MISO,MISO,MISO
p19087,IA,eastern,MISO_North,MISO,MISO,MISO
p19095,IA,eastern,MISO_North,MISO,MISO,MISO
p19097,IA,eastern,MISO_North,MISO,MISO,MISO
p19099,IA,eastern,MISO_North,MISO,MISO,MISO
p19101,IA,eastern,MISO_North,MISO,MISO,MISO
p19103,IA,eastern,MISO_North,MISO,MISO,MISO
p19105,IA,eastern,MISO_North,MISO,MISO,MISO
p19107,IA,eastern,MISO_North,MISO,MISO,MISO
p19111,IA,eastern,MISO_North,MISO,MISO,MISO
p19113,IA,eastern,MISO_North,MISO,MISO,MISO
p19115,IA,eastern,MISO_North,MISO,MISO,MISO
p19117,IA,eastern,MISO_North,MISO,MISO,MISO
p19121,IA,eastern,MISO_North,MISO,MISO,MISO
p19123,IA,eastern,MISO_North,MISO,MISO,MISO
p19125,IA,eastern,MISO_North,MISO,MISO,MISO
p19127,IA,eastern,MISO_North,MISO,MISO,MISO
p19135,IA,eastern,MISO_North,MISO,MISO,MISO
p19139,IA,eastern,MISO_North,MISO,MISO,MISO
p19153,IA,eastern,MISO_North,MISO,MISO,MISO
p19157,IA,eastern,MISO_North,MISO,MISO,MISO
p19159,IA,eastern,MISO_North,MISO,MISO,MISO
p19163,IA,eastern,MISO_North,MISO,MISO,MISO
p19169,IA,eastern,MISO_North,MISO,MISO,MISO
p19171,IA,eastern,MISO_North,MISO,MISO,MISO
p19175,IA,eastern,MISO_North,MISO,MISO,MISO
p19177,IA,eastern,MISO_North,MISO,MISO,MISO
p19179,IA,eastern,MISO_North,MISO,MISO,MISO
p19181,IA,eastern,MISO_North,MISO,MISO,MISO
p19183,IA,eastern,MISO_North,MISO,MISO,MISO
p19185,IA,eastern,MISO_North,MISO,MISO,MISO
p29001,MO,eastern,MISO_Central,MISO,MISO,MISO
p29045,MO,eastern,MISO_Central,MISO,MISO,MISO
p29103,MO,eastern,MISO_Central,MISO,MISO,MISO
p29111,MO,eastern,MISO_Central,MISO,MISO,MISO
p29121,MO,eastern,MISO_Central,MISO,MISO,MISO
p29127,MO,eastern,MISO_Central,MISO,MISO,MISO
p29137,MO,eastern,MISO_Central,MISO,MISO,MISO
p29173,MO,eastern,MISO_Central,MISO,MISO,MISO
p29197,MO,eastern,MISO_Central,MISO,MISO,MISO
p29199,MO,eastern,MISO_Central,MISO,MISO,MISO
p29205,MO,eastern,MISO_Central,MISO,MISO,MISO
p29007,MO,eastern,MISO_Central,MISO,MISO,MISO
p29019,MO,eastern,MISO_Central,MISO,MISO,MISO
p29027,MO,eastern,MISO_Central,MISO,MISO,MISO
p29031,MO,eastern,MISO_Central,MISO,MISO,MISO
p29051,MO,eastern,MISO_Central,MISO,MISO,MISO
p29053,MO,eastern,MISO_Central,MISO,MISO,MISO
p29071,MO,eastern,MISO_Central,MISO,MISO,MISO
p29073,MO,eastern,MISO_Central,MISO,MISO,MISO
p29089,MO,eastern,MISO_Central,MISO,MISO,MISO
p29099,MO,eastern,MISO_Central,MISO,MISO,MISO
p29113,MO,eastern,MISO_Central,MISO,MISO,MISO
p29125,MO,eastern,MISO_Central,MISO,MISO,MISO
p29131,MO,eastern,MISO_Central,MISO,MISO,MISO
p29133,MO,eastern,MISO_Central,MISO,MISO,MISO
p29135,MO,eastern,MISO_Central,MISO,MISO,MISO
p29139,MO,eastern,MISO_Central,MISO,MISO,MISO
p29141,MO,eastern,MISO_Central,MISO,MISO,MISO
p29151,MO,eastern,MISO_Central,MISO,MISO,MISO
p29157,MO,eastern,MISO_Central,MISO,MISO,MISO
p29163,MO,eastern,MISO_Central,MISO,MISO,MISO
p29175,MO,eastern,MISO_Central,MISO,MISO,MISO
p29183,MO,eastern,MISO_Central,MISO,MISO,MISO
p29186,MO,eastern,MISO_Central,MISO,MISO,MISO
p29187,MO,eastern,MISO_Central,MISO,MISO,MISO
p29189,MO,eastern,MISO_Central,MISO,MISO,MISO
p29201,MO,eastern,MISO_Central,MISO,MISO,MISO
p29219,MO,eastern,MISO_Central,MISO,MISO,MISO
p29510,MO,eastern,MISO_Central,MISO,MISO,MISO
p29017,MO,eastern,MISO_Central,MISO,MISO,MISO
p29055,MO,eastern,MISO_Central,MISO,MISO,MISO
p29093,MO,eastern,MISO_Central,MISO,MISO,MISO
p29123,MO,eastern,MISO_Central,MISO,MISO,MISO
p29161,MO,eastern,MISO_Central,MISO,MISO,MISO
p29169,MO,eastern,MISO_Central,MISO,MISO,MISO
p29179,MO,eastern,MISO_Central,MISO,MISO,MISO
p29221,MO,eastern,MISO_Central,MISO,MISO,MISO
p26003,MI,eastern,MISO_North,MISO,MISO,MISO
p26013,MI,eastern,MISO_North,MISO,MISO,MISO
p26041,MI,eastern,MISO_North,MISO,MISO,MISO
p26043,MI,eastern,MISO_North,MISO,MISO,MISO
p26053,MI,eastern,MISO_North,MISO,MISO,MISO
p26061,MI,eastern,MISO_North,MISO,MISO,MISO
p26071,MI,eastern,MISO_North,MISO,MISO,MISO
p26083,MI,eastern,MISO_North,MISO,MISO,MISO
p26103,MI,eastern,MISO_North,MISO,MISO,MISO
p26109,MI,eastern,MISO_North,MISO,MISO,MISO
p26131,MI,eastern,MISO_North,MISO,MISO,MISO
p55009,WI,eastern,MISO_North,MISO,MISO,MISO
p55029,WI,eastern,MISO_North,MISO,MISO,MISO
p55037,WI,eastern,MISO_North,MISO,MISO,MISO
p55041,WI,eastern,MISO_North,MISO,MISO,MISO
p55061,WI,eastern,MISO_North,MISO,MISO,MISO
p55067,WI,eastern,MISO_North,MISO,MISO,MISO
p55069,WI,eastern,MISO_North,MISO,MISO,MISO
p55071,WI,eastern,MISO_North,MISO,MISO,MISO
p55073,WI,eastern,MISO_North,MISO,MISO,MISO
p55075,WI,eastern,MISO_North,MISO,MISO,MISO
p55083,WI,eastern,MISO_North,MISO,MISO,MISO
p55085,WI,eastern,MISO_North,MISO,MISO,MISO
p55097,WI,eastern,MISO_North,MISO,MISO,MISO
p55125,WI,eastern,MISO_North,MISO,MISO,MISO
p55001,WI,eastern,MISO_North,MISO,MISO,MISO
p55015,WI,eastern,MISO_North,MISO,MISO,MISO
p55021,WI,eastern,MISO_North,MISO,MISO,MISO
p55027,WI,eastern,MISO_North,MISO,MISO,MISO
p55039,WI,eastern,MISO_North,MISO,MISO,MISO
p55047,WI,eastern,MISO_North,MISO,MISO,MISO
p55057,WI,eastern,MISO_North,MISO,MISO,MISO
p55077,WI,eastern,MISO_North,MISO,MISO,MISO
p55078,WI,eastern,MISO_North,MISO,MISO,MISO
p55087,WI,eastern,MISO_North,MISO,MISO,MISO
p55115,WI,eastern,MISO_North,MISO,MISO,MISO
p55135,WI,eastern,MISO_North,MISO,MISO,MISO
p55137,WI,eastern,MISO_North,MISO,MISO,MISO
p55139,WI,eastern,MISO_North,MISO,MISO,MISO
p55141,WI,eastern,MISO_North,MISO,MISO,MISO
p55023,WI,eastern,MISO_North,MISO,MISO,MISO
p55043,WI,eastern,MISO_North,MISO,MISO,MISO
p55049,WI,eastern,MISO_North,MISO,MISO,MISO
p55053,WI,eastern,MISO_North,MISO,MISO,MISO
p55065,WI,eastern,MISO_North,MISO,MISO,MISO
p55081,WI,eastern,MISO_North,MISO,MISO,MISO
p55103,WI,eastern,MISO_North,MISO,MISO,MISO
p55111,WI,eastern,MISO_North,MISO,MISO,MISO
p55123,WI,eastern,MISO_North,MISO,MISO,MISO
p55025,WI,eastern,MISO_North,MISO,MISO,MISO
p55045,WI,eastern,MISO_North,MISO,MISO,MISO
p55105,WI,eastern,MISO_North,MISO,MISO,MISO
p55055,WI,eastern,MISO_North,MISO,MISO,MISO
p55059,WI,eastern,MISO_North,MISO,MISO,MISO
p55079,WI,eastern,MISO_North,MISO,MISO,MISO
p55089,WI,eastern,MISO_North,MISO,MISO,MISO
p55101,WI,eastern,MISO_North,MISO,MISO,MISO
p55117,WI,eastern,MISO_North,MISO,MISO,MISO
p55127,WI,eastern,MISO_North,MISO,MISO,MISO
p55131,WI,eastern,MISO_North,MISO,MISO,MISO
p55133,WI,eastern,MISO_North,MISO,MISO,MISO
p17007,IL,eastern,PJM_West,PJM,PJM,PJM
p17015,IL,eastern,PJM_West,PJM,PJM,PJM
p17031,IL,eastern,PJM_West,PJM,PJM,PJM
p17037,IL,eastern,PJM_West,PJM,PJM,PJM
p17043,IL,eastern,PJM_West,PJM,PJM,PJM
p17063,IL,eastern,PJM_West,PJM,PJM,PJM
p17085,IL,eastern,PJM_West,PJM,PJM,PJM
p17089,IL,eastern,PJM_West,PJM,PJM,PJM
p17091,IL,eastern,PJM_West,PJM,PJM,PJM
p17093,IL,eastern,PJM_West,PJM,PJM,PJM
p17097,IL,eastern,PJM_West,PJM,PJM,PJM
p17099,IL,eastern,PJM_West,PJM,PJM,PJM
p17103,IL,eastern,PJM_West,PJM,PJM,PJM
p17105,IL,eastern,PJM_West,PJM,PJM,PJM
p17111,IL,eastern,PJM_West,PJM,PJM,PJM
p17141,IL,eastern,PJM_West,PJM,PJM,PJM
p17177,IL,eastern,PJM_West,PJM,PJM,PJM
p17195,IL,eastern,PJM_West,PJM,PJM,PJM
p17197,IL,eastern,PJM_West,PJM,PJM,PJM
p17201,IL,eastern,PJM_West,PJM,PJM,PJM
p17001,IL,eastern,MISO_Central,MISO,MISO,MISO
p17003,IL,eastern,MISO_Central,MISO,MISO,MISO
p17005,IL,eastern,MISO_Central,MISO,MISO,MISO
p17009,IL,eastern,MISO_Central,MISO,MISO,MISO
p17011,IL,eastern,MISO_Central,MISO,MISO,MISO
p17013,IL,eastern,MISO_Central,MISO,MISO,MISO
p17017,IL,eastern,MISO_Central,MISO,MISO,MISO
p17027,IL,eastern,MISO_Central,MISO,MISO,MISO
p17051,IL,eastern,MISO_Central,MISO,MISO,MISO
p17055,IL,eastern,MISO_Central,MISO,MISO,MISO
p17057,IL,eastern,MISO_Central,MISO,MISO,MISO
p17059,IL,eastern,MISO_Central,MISO,MISO,MISO
p17061,IL,eastern,MISO_Central,MISO,MISO,MISO
p17065,IL,eastern,MISO_Central,MISO,MISO,MISO
p17067,IL,eastern,MISO_Central,MISO,MISO,MISO
p17069,IL,eastern,MISO_Central,MISO,MISO,MISO
p17071,IL,eastern,MISO_Central,MISO,MISO,MISO
p17073,IL,eastern,MISO_Central,MISO,MISO,MISO
p17077,IL,eastern,MISO_Central,MISO,MISO,MISO
p17081,IL,eastern,MISO_Central,MISO,MISO,MISO
p17083,IL,eastern,MISO_Central,MISO,MISO,MISO
p17087,IL,eastern,MISO_Central,MISO,MISO,MISO
p17095,IL,eastern,MISO_Central,MISO,MISO,MISO
p17109,IL,eastern,MISO_Central,MISO,MISO,MISO
p17117,IL,eastern,MISO_Central,MISO,MISO,MISO
p17119,IL,eastern,MISO_Central,MISO,MISO,MISO
p17121,IL,eastern,MISO_Central,MISO,MISO,MISO
p17125,IL,eastern,MISO_Central,MISO,MISO,MISO
p17127,IL,eastern,MISO_Central,MISO,MISO,MISO
p17129,IL,eastern,MISO_Central,MISO,MISO,MISO
p17131,IL,eastern,MISO_Central,MISO,MISO,MISO
p17133,IL,eastern,MISO_Central,MISO,MISO,MISO
p17135,IL,eastern,MISO_Central,MISO,MISO,MISO
p17137,IL,eastern,MISO_Central,MISO,MISO,MISO
p17145,IL,eastern,MISO_Central,MISO,MISO,MISO
p17149,IL,eastern,MISO_Central,MISO,MISO,MISO
p17151,IL,eastern,MISO_Central,MISO,MISO,MISO
p17153,IL,eastern,MISO_Central,MISO,MISO,MISO
p17155,IL,eastern,MISO_Central,MISO,MISO,MISO
p17157,IL,eastern,MISO_Central,MISO,MISO,MISO
p17161,IL,eastern,MISO_Central,MISO,MISO,MISO
p17163,IL,eastern,MISO_Central,MISO,MISO,MISO
p17165,IL,eastern,MISO_Central,MISO,MISO,MISO
p17169,IL,eastern,MISO_Central,MISO,MISO,MISO
p17171,IL,eastern,MISO_Central,MISO,MISO,MISO
p17175,IL,eastern,MISO_Central,MISO,MISO,MISO
p17181,IL,eastern,MISO_Central,MISO,MISO,MISO
p17187,IL,eastern,MISO_Central,MISO,MISO,MISO
p17189,IL,eastern,MISO_Central,MISO,MISO,MISO
p17191,IL,eastern,MISO_Central,MISO,MISO,MISO
p17193,IL,eastern,MISO_Central,MISO,MISO,MISO
p17199,IL,eastern,MISO_Central,MISO,MISO,MISO
p17107,IL,eastern,MISO_Central,MISO,MISO,MISO
p17123,IL,eastern,MISO_Central,MISO,MISO,MISO
p17143,IL,eastern,MISO_Central,MISO,MISO,MISO
p17167,IL,eastern,MISO_Central,MISO,MISO,MISO
p17179,IL,eastern,MISO_Central,MISO,MISO,MISO
p17203,IL,eastern,MISO_Central,MISO,MISO,MISO
p17019,IL,eastern,MISO_Central,MISO,MISO,MISO
p17021,IL,eastern,MISO_Central,MISO,MISO,MISO
p17023,IL,eastern,MISO_Central,MISO,MISO,MISO
p17025,IL,eastern,MISO_Central,MISO,MISO,MISO
p17029,IL,eastern,MISO_Central,MISO,MISO,MISO
p17033,IL,eastern,MISO_Central,MISO,MISO,MISO
p17035,IL,eastern,MISO_Central,MISO,MISO,MISO
p17039,IL,eastern,MISO_Central,MISO,MISO,MISO
p17041,IL,eastern,MISO_Central,MISO,MISO,MISO
p17045,IL,eastern,MISO_Central,MISO,MISO,MISO
p17047,IL,eastern,MISO_Central,MISO,MISO,MISO
p17049,IL,eastern,MISO_Central,MISO,MISO,MISO
p17053,IL,eastern,MISO_Central,MISO,MISO,MISO
p17075,IL,eastern,MISO_Central,MISO,MISO,MISO
p17079,IL,eastern,MISO_Central,MISO,MISO,MISO
p17101,IL,eastern,MISO_Central,MISO,MISO,MISO
p17113,IL,eastern,MISO_Central,MISO,MISO,MISO
p17115,IL,eastern,MISO_Central,MISO,MISO,MISO
p17139,IL,eastern,MISO_Central,MISO,MISO,MISO
p17147,IL,eastern,MISO_Central,MISO,MISO,MISO
p17159,IL,eastern,MISO_Central,MISO,MISO,MISO
p17173,IL,eastern,MISO_Central,MISO,MISO,MISO
p17183,IL,eastern,MISO_Central,MISO,MISO,MISO
p17185,IL,eastern,MISO_Central,MISO,MISO,MISO
p29023,MO,eastern,MISO_Central,MISO,MISO,MISO
p29029,MO,eastern,MISO_Central,MISO,MISO,MISO
p29035,MO,eastern,MISO_Central,MISO,MISO,MISO
p29059,MO,eastern,MISO_Central,MISO,MISO,MISO
p29065,MO,eastern,MISO_Central,MISO,MISO,MISO
p29069,MO,eastern,MISO_Central,MISO,MISO,MISO
p29091,MO,eastern,MISO_Central,MISO,MISO,MISO
p29105,MO,eastern,MISO_Central,MISO,MISO,MISO
p29143,MO,eastern,MISO_Central,MISO,MISO,MISO
p29149,MO,eastern,MISO_Central,MISO,MISO,MISO
p29155,MO,eastern,MISO_Central,MISO,MISO,MISO
p29181,MO,eastern,MISO_Central,MISO,MISO,MISO
p29203,MO,eastern,MISO_Central,MISO,MISO,MISO
p29207,MO,eastern,MISO_Central,MISO,MISO,MISO
p29215,MO,eastern,MISO_Central,MISO,MISO,MISO
p29223,MO,eastern,MISO_Central,MISO,MISO,MISO
p29229,MO,eastern,MISO_Central,MISO,MISO,MISO
p05001,AR,eastern,MISO_South,MISO,MISO,MISO
p05003,AR,eastern,MISO_South,MISO,MISO,MISO
p05005,AR,eastern,MISO_South,MISO,MISO,MISO
p05011,AR,eastern,MISO_South,MISO,MISO,MISO
p05013,AR,eastern,MISO_South,MISO,MISO,MISO
p05017,AR,eastern,MISO_South,MISO,MISO,MISO
p05019,AR,eastern,MISO_South,MISO,MISO,MISO
p05021,AR,eastern,MISO_South,MISO,MISO,MISO
p05025,AR,eastern,MISO_South,MISO,MISO,MISO
p05027,AR,eastern,MISO_South,MISO,MISO,MISO
p05029,AR,eastern,MISO_South,MISO,MISO,MISO
p05031,AR,eastern,MISO_South,MISO,MISO,MISO
p05035,AR,eastern,MISO_South,MISO,MISO,MISO
p05037,AR,eastern,MISO_South,MISO,MISO,MISO
p05039,AR,eastern,MISO_South,MISO,MISO,MISO
p05041,AR,eastern,MISO_South,MISO,MISO,MISO
p05043,AR,eastern,MISO_South,MISO,MISO,MISO
p05045,AR,eastern,MISO_South,MISO,MISO,MISO
p05049,AR,eastern,MISO_South,MISO,MISO,MISO
p05051,AR,eastern,MISO_South,MISO,MISO,MISO
p05053,AR,eastern,MISO_South,MISO,MISO,MISO
p05055,AR,eastern,MISO_South,MISO,MISO,MISO
p05057,AR,eastern,MISO_South,MISO,MISO,MISO
p05059,AR,eastern,MISO_South,MISO,MISO,MISO
p05063,AR,eastern,MISO_South,MISO,MISO,MISO
p05065,AR,eastern,MISO_South,MISO,MISO,MISO
p05067,AR,eastern,MISO_South,MISO,MISO,MISO
p05069,AR,eastern,MISO_South,MISO,MISO,MISO
p05073,AR,eastern,MISO_South,MISO,MISO,MISO
p05075,AR,eastern,MISO_South,MISO,MISO,MISO
p05077,AR,eastern,MISO_South,MISO,MISO,MISO
p05079,AR,eastern,MISO_South,MISO,MISO,MISO
p05081,AR,eastern,MISO_South,MISO,MISO,MISO
p05085,AR,eastern,MISO_South,MISO,MISO,MISO
p05091,AR,eastern,MISO_South,MISO,MISO,MISO
p05093,AR,eastern,MISO_South,MISO,MISO,MISO
p05095,AR,eastern,MISO_South,MISO,MISO,MISO
p05099,AR,eastern,MISO_South,MISO,MISO,MISO
p05103,AR,eastern,MISO_South,MISO,MISO,MISO
p05105,AR,eastern,MISO_South,MISO,MISO,MISO
p05107,AR,eastern,MISO_South,MISO,MISO,MISO
p05111,AR,eastern,MISO_South,MISO,MISO,MISO
p05115,AR,eastern,MISO_South,MISO,MISO,MISO
p05117,AR,eastern,MISO_South,MISO,MISO,MISO
p05119,AR,eastern,MISO_South,MISO,MISO,MISO
p05121,AR,eastern,MISO_South,MISO,MISO,MISO
p05123,AR,eastern,MISO_South,MISO,MISO,MISO
p05125,AR,eastern,MISO_South,MISO,MISO,MISO
p05133,AR,eastern,MISO_South,MISO,MISO,MISO
p05135,AR,eastern,MISO_South,MISO,MISO,MISO
p05137,AR,eastern,MISO_South,MISO,MISO,MISO
p05139,AR,eastern,MISO_South,MISO,MISO,MISO
p05145,AR,eastern,MISO_South,MISO,MISO,MISO
p05147,AR,eastern,MISO_South,MISO,MISO,MISO
p05149,AR,eastern,MISO_South,MISO,MISO,MISO
p22027,LA,eastern,MISO_South,MISO,MISO,MISO
p22035,LA,eastern,MISO_South,MISO,MISO,MISO
p22041,LA,eastern,MISO_South,MISO,MISO,MISO
p22061,LA,eastern,MISO_South,MISO,MISO,MISO
p22065,LA,eastern,MISO_South,MISO,MISO,MISO
p22067,LA,eastern,MISO_South,MISO,MISO,MISO
p22073,LA,eastern,MISO_South,MISO,MISO,MISO
p22083,LA,eastern,MISO_South,MISO,MISO,MISO
p22107,LA,eastern,MISO_South,MISO,MISO,MISO
p22111,LA,eastern,MISO_South,MISO,MISO,MISO
p22123,LA,eastern,MISO_South,MISO,MISO,MISO
p28001,MS,eastern,MISO_South,MISO,MISO,MISO
p28005,MS,eastern,MISO_South,MISO,MISO,MISO
p28007,MS,eastern,MISO_South,MISO,MISO,MISO
p28011,MS,eastern,MISO_South,MISO,MISO,MISO
p28015,MS,eastern,MISO_South,MISO,MISO,MISO
p28021,MS,eastern,MISO_South,MISO,MISO,MISO
p28023,MS,eastern,MISO_South,MISO,MISO,MISO
p28027,MS,eastern,MISO_South,MISO,MISO,MISO
p28029,MS,eastern,MISO_South,MISO,MISO,MISO
p28031,MS,eastern,MISO_South,MISO,MISO,MISO
p28033,MS,eastern,MISO_South,MISO,MISO,MISO
p28035,MS,eastern,MISO_South,MISO,MISO,MISO
p28037,MS,eastern,MISO_South,MISO,MISO,MISO
p28039,MS,eastern,MISO_South,MISO,MISO,MISO
p28041,MS,eastern,MISO_South,MISO,MISO,MISO
p28043,MS,eastern,MISO_South,MISO,MISO,MISO
p28045,MS,eastern,MISO_South,MISO,MISO,MISO
p28047,MS,eastern,MISO_South,MISO,MISO,MISO
p28049,MS,eastern,MISO_South,MISO,MISO,MISO
p28051,MS,eastern,MISO_South,MISO,MISO,MISO
p28053,MS,eastern,MISO_South,MISO,MISO,MISO
p28055,MS,eastern,MISO_South,MISO,MISO,MISO
p28059,MS,eastern,MISO_South,MISO,MISO,MISO
p28061,MS,eastern,MISO_South,MISO,MISO,MISO
p28063,MS,eastern,MISO_South,MISO,MISO,MISO
p28065,MS,eastern,MISO_South,MISO,MISO,MISO
p28067,MS,eastern,MISO_South,MISO,MISO,MISO
p28073,MS,eastern,MISO_South,MISO,MISO,MISO
p28075,MS,eastern,MISO_South,MISO,MISO,MISO
p28077,MS,eastern,MISO_South,MISO,MISO,MISO
p28079,MS,eastern,MISO_South,MISO,MISO,MISO
p28083,MS,eastern,MISO_South,MISO,MISO,MISO
p28085,MS,eastern,MISO_South,MISO,MISO,MISO
p28089,MS,eastern,MISO_South,MISO,MISO,MISO
p28091,MS,eastern,MISO_South,MISO,MISO,MISO
p28097,MS,eastern,MISO_South,MISO,MISO,MISO
p28101,MS,eastern,MISO_South,MISO,MISO,MISO
p28107,MS,eastern,MISO_South,MISO,MISO,MISO
p28109,MS,eastern,MISO_South,MISO,MISO,MISO
p28111,MS,eastern,MISO_South,MISO,MISO,MISO
p28113,MS,eastern,MISO_South,MISO,MISO,MISO
p28119,MS,eastern,MISO_South,MISO,MISO,MISO
p28121,MS,eastern,MISO_South,MISO,MISO,MISO
p28123,MS,eastern,MISO_South,MISO,MISO,MISO
p28125,MS,eastern,MISO_South,MISO,MISO,MISO
p28127,MS,eastern,MISO_South,MISO,MISO,MISO
p28129,MS,eastern,MISO_South,MISO,MISO,MISO
p28131,MS,eastern,MISO_South,MISO,MISO,MISO
p28133,MS,eastern,MISO_South,MISO,MISO,MISO
p28135,MS,eastern,MISO_South,MISO,MISO,MISO
p28137,MS,eastern,MISO_South,MISO,MISO,MISO
p28143,MS,eastern,MISO_South,MISO,MISO,MISO
p28147,MS,eastern,MISO_South,MISO,MISO,MISO
p28149,MS,eastern,MISO_South,MISO,MISO,MISO
p28151,MS,eastern,MISO_South,MISO,MISO,MISO
p28153,MS,eastern,MISO_South,MISO,MISO,MISO
p28157,MS,eastern,MISO_South,MISO,MISO,MISO
p28163,MS,eastern,MISO_South,MISO,MISO,MISO
p28003,MS,eastern,SERTP,SERTP,SERC_C,Tennessee_Valley_Authority
p28009,MS,eastern,SERTP,SERTP,SERC_C,Tennessee_Valley_Authority
p28013,MS,eastern,SERTP,SERTP,SERC_C,Tennessee_Valley_Authority
p28017,MS,eastern,SERTP,SERTP,SERC_C,Tennessee_Valley_Authority
p28019,MS,eastern,SERTP,SERTP,SERC_C,Tennessee_Valley_Authority
p28025,MS,eastern,SERTP,SERTP,SERC_C,Tennessee_Valley_Authority
p28057,MS,eastern,SERTP,SERTP,SERC_C,Tennessee_Valley_Authority
p28069,MS,eastern,SERTP,SERTP,SERC_C,Tennessee_Valley_Authority
p28071,MS,eastern,SERTP,SERTP,SERC_C,Tennessee_Valley_Authority
p28081,MS,eastern,SERTP,SERTP,SERC_C,Tennessee_Valley_Authority
p28087,MS,eastern,SERTP,SERTP,SERC_C,Tennessee_Valley_Authority
p28093,MS,eastern,SERTP,SERTP,SERC_C,Tennessee_Valley_Authority
p28095,MS,eastern,SERTP,SERTP,SERC_C,Tennessee_Valley_Authority
p28099,MS,eastern,SERTP,SERTP,SERC_C,Tennessee_Valley_Authority
p28103,MS,eastern,SERTP,SERTP,SERC_C,Tennessee_Valley_Authority
p28105,MS,eastern,SERTP,SERTP,SERC_C,Tennessee_Valley_Authority
p28115,MS,eastern,SERTP,SERTP,SERC_C,Tennessee_Valley_Authority
p28117,MS,eastern,SERTP,SERTP,SERC_C,Tennessee_Valley_Authority
p28139,MS,eastern,SERTP,SERTP,SERC_C,Tennessee_Valley_Authority
p28141,MS,eastern,SERTP,SERTP,SERC_C,Tennessee_Valley_Authority
p28145,MS,eastern,SERTP,SERTP,SERC_C,Tennessee_Valley_Authority
p28155,MS,eastern,SERTP,SERTP,SERC_C,Tennessee_Valley_Authority
p28159,MS,eastern,SERTP,SERTP,SERC_C,Tennessee_Valley_Authority
p28161,MS,eastern,SERTP,SERTP,SERC_C,Tennessee_Valley_Authority
p01007,AL,eastern,SERTP,SERTP,SERC_SE,Southern_Co_Services_Inc
p01023,AL,eastern,SERTP,SERTP,SERC_SE,Southern_Co_Services_Inc
p01033,AL,eastern,SERTP,SERTP,SERC_SE,Southern_Co_Services_Inc
p01043,AL,eastern,SERTP,SERTP,SERC_SE,Southern_Co_Services_Inc
p01049,AL,eastern,SERTP,SERTP,SERC_SE,Southern_Co_Services_Inc
p01057,AL,eastern,SERTP,SERTP,SERC_SE,Southern_Co_Services_Inc
p01059,AL,eastern,SERTP,SERTP,SERC_SE,Southern_Co_Services_Inc
p01063,AL,eastern,SERTP,SERTP,SERC_SE,Southern_Co_Services_Inc
p01065,AL,eastern,SERTP,SERTP,SERC_SE,Southern_Co_Services_Inc
p01071,AL,eastern,SERTP,SERTP,SERC_SE,Southern_Co_Services_Inc
p01073,AL,eastern,SERTP,SERTP,SERC_SE,Southern_Co_Services_Inc
p01075,AL,eastern,SERTP,SERTP,SERC_SE,Southern_Co_Services_Inc
p01077,AL,eastern,SERTP,SERTP,SERC_SE,Southern_Co_Services_Inc
p01079,AL,eastern,SERTP,SERTP,SERC_SE,Southern_Co_Services_Inc
p01083,AL,eastern,SERTP,SERTP,SERC_SE,Southern_Co_Services_Inc
p01089,AL,eastern,SERTP,SERTP,SERC_SE,Southern_Co_Services_Inc
p01091,AL,eastern,SERTP,SERTP,SERC_SE,Southern_Co_Services_Inc
p01093,AL,eastern,SERTP,SERTP,SERC_SE,Southern_Co_Services_Inc
p01095,AL,eastern,SERTP,SERTP,SERC_SE,Southern_Co_Services_Inc
p01103,AL,eastern,SERTP,SERTP,SERC_SE,Southern_Co_Services_Inc
p01105,AL,eastern,SERTP,SERTP,SERC_SE,Southern_Co_Services_Inc
p01107,AL,eastern,SERTP,SERTP,SERC_SE,Southern_Co_Services_Inc
p01117,AL,eastern,SERTP,SERTP,SERC_SE,Southern_Co_Services_Inc
p01119,AL,eastern,SERTP,SERTP,SERC_SE,Southern_Co_Services_Inc
p01125,AL,eastern,SERTP,SERTP,SERC_SE,Southern_Co_Services_Inc
p01127,AL,eastern,SERTP,SERTP,SERC_SE,Southern_Co_Services_Inc
p01131,AL,eastern,SERTP,SERTP,SERC_SE,Southern_Co_Services_Inc
p01133,AL,eastern,SERTP,SERTP,SERC_SE,Southern_Co_Services_Inc
p01001,AL,eastern,SERTP,SERTP,SERC_SE,PowerSouth_Energy_Coop
p01003,AL,eastern,SERTP,SERTP,SERC_SE,PowerSouth_Energy_Coop
p01005,AL,eastern,SERTP,SERTP,SERC_SE,PowerSouth_Energy_Coop
p01009,AL,eastern,SERTP,SERTP,SERC_SE,PowerSouth_Energy_Coop
p01011,AL,eastern,SERTP,SERTP,SERC_SE,PowerSouth_Energy_Coop
p01013,AL,eastern,SERTP,SERTP,SERC_SE,PowerSouth_Energy_Coop
p01015,AL,eastern,SERTP,SERTP,SERC_SE,PowerSouth_Energy_Coop
p01017,AL,eastern,SERTP,SERTP,SERC_SE,PowerSouth_Energy_Coop
p01019,AL,eastern,SERTP,SERTP,SERC_SE,PowerSouth_Energy_Coop
p01021,AL,eastern,SERTP,SERTP,SERC_SE,PowerSouth_Energy_Coop
p01025,AL,eastern,SERTP,SERTP,SERC_SE,PowerSouth_Energy_Coop
p01027,AL,eastern,SERTP,SERTP,SERC_SE,PowerSouth_Energy_Coop
p01029,AL,eastern,SERTP,SERTP,SERC_SE,PowerSouth_Energy_Coop
p01031,AL,eastern,SERTP,SERTP,SERC_SE,PowerSouth_Energy_Coop
p01035,AL,eastern,SERTP,SERTP,SERC_SE,PowerSouth_Energy_Coop
p01037,AL,eastern,SERTP,SERTP,SERC_SE,PowerSouth_Energy_Coop
p01039,AL,eastern,SERTP,SERTP,SERC_SE,PowerSouth_Energy_Coop
p01041,AL,eastern,SERTP,SERTP,SERC_SE,PowerSouth_Energy_Coop
p01045,AL,eastern,SERTP,SERTP,SERC_SE,PowerSouth_Energy_Coop
p01047,AL,eastern,SERTP,SERTP,SERC_SE,PowerSouth_Energy_Coop
p01051,AL,eastern,SERTP,SERTP,SERC_SE,PowerSouth_Energy_Coop
p01053,AL,eastern,SERTP,SERTP,SERC_SE,PowerSouth_Energy_Coop
p01055,AL,eastern,SERTP,SERTP,SERC_SE,PowerSouth_Energy_Coop
p01061,AL,eastern,SERTP,SERTP,SERC_SE,PowerSouth_Energy_Coop
p01067,AL,eastern,SERTP,SERTP,SERC_SE,PowerSouth_Energy_Coop
p01069,AL,eastern,SERTP,SERTP,SERC_SE,PowerSouth_Energy_Coop
p01081,AL,eastern,SERTP,SERTP,SERC_SE,PowerSouth_Energy_Coop
p01085,AL,eastern,SERTP,SERTP,SERC_SE,PowerSouth_Energy_Coop
p01087,AL,eastern,SERTP,SERTP,SERC_SE,PowerSouth_Energy_Coop
p01097,AL,eastern,SERTP,SERTP,SERC_SE,PowerSouth_Energy_Coop
p01099,AL,eastern,SERTP,SERTP,SERC_SE,PowerSouth_Energy_Coop
p01101,AL,eastern,SERTP,SERTP,SERC_SE,PowerSouth_Energy_Coop
p01109,AL,eastern,SERTP,SERTP,SERC_SE,PowerSouth_Energy_Coop
p01111,AL,eastern,SERTP,SERTP,SERC_SE,PowerSouth_Energy_Coop
p01113,AL,eastern,SERTP,SERTP,SERC_SE,PowerSouth_Energy_Coop
p01115,AL,eastern,SERTP,SERTP,SERC_SE,PowerSouth_Energy_Coop
p01121,AL,eastern,SERTP,SERTP,SERC_SE,PowerSouth_Energy_Coop
p01123,AL,eastern,SERTP,SERTP,SERC_SE,PowerSouth_Energy_Coop
p01129,AL,eastern,SERTP,SERTP,SERC_SE,PowerSouth_Energy_Coop
p12005,FL,eastern,SERTP,SERTP,SERC_SE,Southern_Co_Services_Inc
p12013,FL,eastern,SERTP,SERTP,SERC_SE,Southern_Co_Services_Inc
p12033,FL,eastern,SERTP,SERTP,SERC_SE,Southern_Co_Services_Inc
p12045,FL,eastern,SERTP,SERTP,SERC_SE,Southern_Co_Services_Inc
p12059,FL,eastern,SERTP,SERTP,SERC_SE,Southern_Co_Services_Inc
p12063,FL,eastern,SERTP,SERTP,SERC_SE,Southern_Co_Services_Inc
p12091,FL,eastern,SERTP,SERTP,SERC_SE,Southern_Co_Services_Inc
p12113,FL,eastern,SERTP,SERTP,SERC_SE,Southern_Co_Services_Inc
p12131,FL,eastern,SERTP,SERTP,SERC_SE,Southern_Co_Services_Inc
p12133,FL,eastern,SERTP,SERTP,SERC_SE,Southern_Co_Services_Inc
p47001,TN,eastern,SERTP,SERTP,SERC_C,Tennessee_Valley_Authority
p47003,TN,eastern,SERTP,SERTP,SERC_C,Tennessee_Valley_Authority
p47005,TN,eastern,SERTP,SERTP,SERC_C,Tennessee_Valley_Authority
p47007,TN,eastern,SERTP,SERTP,SERC_C,Tennessee_Valley_Authority
p47009,TN,eastern,SERTP,SERTP,SERC_C,Tennessee_Valley_Authority
p47011,TN,eastern,SERTP,SERTP,SERC_C,Tennessee_Valley_Authority
p47013,TN,eastern,SERTP,SERTP,SERC_C,Tennessee_Valley_Authority
p47015,TN,eastern,SERTP,SERTP,SERC_C,Tennessee_Valley_Authority
p47017,TN,eastern,SERTP,SERTP,SERC_C,Tennessee_Valley_Authority
p47019,TN,eastern,SERTP,SERTP,SERC_C,Tennessee_Valley_Authority
p47021,TN,eastern,SERTP,SERTP,SERC_C,Tennessee_Valley_Authority
p47023,TN,eastern,SERTP,SERTP,SERC_C,Tennessee_Valley_Authority
p47025,TN,eastern,SERTP,SERTP,SERC_C,Tennessee_Valley_Authority
p47027,TN,eastern,SERTP,SERTP,SERC_C,Tennessee_Valley_Authority
p47029,TN,eastern,SERTP,SERTP,SERC_C,Tennessee_Valley_Authority
p47031,TN,eastern,SERTP,SERTP,SERC_C,Tennessee_Valley_Authority
p47033,TN,eastern,SERTP,SERTP,SERC_C,Tennessee_Valley_Authority
p47035,TN,eastern,SERTP,SERTP,SERC_C,Tennessee_Valley_Authority
p47037,TN,eastern,SERTP,SERTP,SERC_C,Tennessee_Valley_Authority
p47039,TN,eastern,SERTP,SERTP,SERC_C,Tennessee_Valley_Authority
p47041,TN,eastern,SERTP,SERTP,SERC_C,Tennessee_Valley_Authority
p47043,TN,eastern,SERTP,SERTP,SERC_C,Tennessee_Valley_Authority
p47045,TN,eastern,SERTP,SERTP,SERC_C,Tennessee_Valley_Authority
p47047,TN,eastern,SERTP,SERTP,SERC_C,Tennessee_Valley_Authority
p47049,TN,eastern,SERTP,SERTP,SERC_C,Tennessee_Valley_Authority
p47051,TN,eastern,SERTP,SERTP,SERC_C,Tennessee_Valley_Authority
p47053,TN,eastern,SERTP,SERTP,SERC_C,Tennessee_Valley_Authority
p47055,TN,eastern,SERTP,SERTP,SERC_C,Tennessee_Valley_Authority
p47057,TN,eastern,SERTP,SERTP,SERC_C,Tennessee_Valley_Authority
p47059,TN,eastern,SERTP,SERTP,SERC_C,Tennessee_Valley_Authority
p47061,TN,eastern,SERTP,SERTP,SERC_C,Tennessee_Valley_Authority
p47063,TN,eastern,SERTP,SERTP,SERC_C,Tennessee_Valley_Authority
p47065,TN,eastern,SERTP,SERTP,SERC_C,Tennessee_Valley_Authority
p47067,TN,eastern,SERTP,SERTP,SERC_C,Tennessee_Valley_Authority
p47069,TN,eastern,SERTP,SERTP,SERC_C,Tennessee_Valley_Authority
p47071,TN,eastern,SERTP,SERTP,SERC_C,Tennessee_Valley_Authority
p47073,TN,eastern,SERTP,SERTP,SERC_C,Tennessee_Valley_Authority
p47075,TN,eastern,SERTP,SERTP,SERC_C,Tennessee_Valley_Authority
p47077,TN,eastern,SERTP,SERTP,SERC_C,Tennessee_Valley_Authority
p47079,TN,eastern,SERTP,SERTP,SERC_C,Tennessee_Valley_Authority
p47081,TN,eastern,SERTP,SERTP,SERC_C,Tennessee_Valley_Authority
p47083,TN,eastern,SERTP,SERTP,SERC_C,Tennessee_Valley_Authority
p47085,TN,eastern,SERTP,SERTP,SERC_C,Tennessee_Valley_Authority
p47087,TN,eastern,SERTP,SERTP,SERC_C,Tennessee_Valley_Authority
p47089,TN,eastern,SERTP,SERTP,SERC_C,Tennessee_Valley_Authority
p47091,TN,eastern,SERTP,SERTP,SERC_C,Tennessee_Valley_Authority
p47093,TN,eastern,SERTP,SERTP,SERC_C,Tennessee_Valley_Authority
p47095,TN,eastern,SERTP,SERTP,SERC_C,Tennessee_Valley_Authority
p47097,TN,eastern,SERTP,SERTP,SERC_C,Tennessee_Valley_Authority
p47099,TN,eastern,SERTP,SERTP,SERC_C,Tennessee_Valley_Authority
p47101,TN,eastern,SERTP,SERTP,SERC_C,Tennessee_Valley_Authority
p47103,TN,eastern,SERTP,SERTP,SERC_C,Tennessee_Valley_Authority
p47105,TN,eastern,SERTP,SERTP,SERC_C,Tennessee_Valley_Authority
p47107,TN,eastern,SERTP,SERTP,SERC_C,Tennessee_Valley_Authority
p47109,TN,eastern,SERTP,SERTP,SERC_C,Tennessee_Valley_Authority
p47111,TN,eastern,SERTP,SERTP,SERC_C,Tennessee_Valley_Authority
p47113,TN,eastern,SERTP,SERTP,SERC_C,Tennessee_Valley_Authority
p47115,TN,eastern,SERTP,SERTP,SERC_C,Tennessee_Valley_Authority
p47117,TN,eastern,SERTP,SERTP,SERC_C,Tennessee_Valley_Authority
p47119,TN,eastern,SERTP,SERTP,SERC_C,Tennessee_Valley_Authority
p47121,TN,eastern,SERTP,SERTP,SERC_C,Tennessee_Valley_Authority
p47123,TN,eastern,SERTP,SERTP,SERC_C,Tennessee_Valley_Authority
p47125,TN,eastern,SERTP,SERTP,SERC_C,Tennessee_Valley_Authority
p47127,TN,eastern,SERTP,SERTP,SERC_C,Tennessee_Valley_Authority
p47129,TN,eastern,SERTP,SERTP,SERC_C,Tennessee_Valley_Authority
p47131,TN,eastern,SERTP,SERTP,SERC_C,Tennessee_Valley_Authority
p47133,TN,eastern,SERTP,SERTP,SERC_C,Tennessee_Valley_Authority
p47135,TN,eastern,SERTP,SERTP,SERC_C,Tennessee_Valley_Authority
p47137,TN,eastern,SERTP,SERTP,SERC_C,Tennessee_Valley_Authority
p47139,TN,eastern,SERTP,SERTP,SERC_C,Tennessee_Valley_Authority
p47141,TN,eastern,SERTP,SERTP,SERC_C,Tennessee_Valley_Authority
p47143,TN,eastern,SERTP,SERTP,SERC_C,Tennessee_Valley_Authority
p47145,TN,eastern,SERTP,SERTP,SERC_C,Tennessee_Valley_Authority
p47147,TN,eastern,SERTP,SERTP,SERC_C,Tennessee_Valley_Authority
p47149,TN,eastern,SERTP,SERTP,SERC_C,Tennessee_Valley_Authority
p47151,TN,eastern,SERTP,SERTP,SERC_C,Tennessee_Valley_Authority
p47153,TN,eastern,SERTP,SERTP,SERC_C,Tennessee_Valley_Authority
p47155,TN,eastern,SERTP,SERTP,SERC_C,Tennessee_Valley_Authority
p47157,TN,eastern,SERTP,SERTP,SERC_C,Tennessee_Valley_Authority
p47159,TN,eastern,SERTP,SERTP,SERC_C,Tennessee_Valley_Authority
p47161,TN,eastern,SERTP,SERTP,SERC_C,Tennessee_Valley_Authority
p47163,TN,eastern,SERTP,SERTP,SERC_C,Tennessee_Valley_Authority
p47165,TN,eastern,SERTP,SERTP,SERC_C,Tennessee_Valley_Authority
p47167,TN,eastern,SERTP,SERTP,SERC_C,Tennessee_Valley_Authority
p47169,TN,eastern,SERTP,SERTP,SERC_C,Tennessee_Valley_Authority
p47171,TN,eastern,SERTP,SERTP,SERC_C,Tennessee_Valley_Authority
p47173,TN,eastern,SERTP,SERTP,SERC_C,Tennessee_Valley_Authority
p47175,TN,eastern,SERTP,SERTP,SERC_C,Tennessee_Valley_Authority
p47177,TN,eastern,SERTP,SERTP,SERC_C,Tennessee_Valley_Authority
p47179,TN,eastern,SERTP,SERTP,SERC_C,Tennessee_Valley_Authority
p47181,TN,eastern,SERTP,SERTP,SERC_C,Tennessee_Valley_Authority
p47183,TN,eastern,SERTP,SERTP,SERC_C,Tennessee_Valley_Authority
p47185,TN,eastern,SERTP,SERTP,SERC_C,Tennessee_Valley_Authority
p47187,TN,eastern,SERTP,SERTP,SERC_C,Tennessee_Valley_Authority
p47189,TN,eastern,SERTP,SERTP,SERC_C,Tennessee_Valley_Authority
p21003,KY,eastern,SERTP,SERTP,SERC_C,Tennessee_Valley_Authority
p21007,KY,eastern,SERTP,SERTP,SERC_C,Tennessee_Valley_Authority
p21031,KY,eastern,SERTP,SERTP,SERC_C,Tennessee_Valley_Authority
p21035,KY,eastern,SERTP,SERTP,SERC_C,Tennessee_Valley_Authority
p21039,KY,eastern,SERTP,SERTP,SERC_C,Tennessee_Valley_Authority
p21047,KY,eastern,SERTP,SERTP,SERC_C,Tennessee_Valley_Authority
p21053,KY,eastern,SERTP,SERTP,SERC_C,Tennessee_Valley_Authority
p21057,KY,eastern,SERTP,SERTP,SERC_C,Tennessee_Valley_Authority
p21075,KY,eastern,SERTP,SERTP,SERC_C,Tennessee_Valley_Authority
p21083,KY,eastern,SERTP,SERTP,SERC_C,Tennessee_Valley_Authority
p21105,KY,eastern,SERTP,SERTP,SERC_C,Tennessee_Valley_Authority
p21139,KY,eastern,SERTP,SERTP,SERC_C,Tennessee_Valley_Authority
p21141,KY,eastern,SERTP,SERTP,SERC_C,Tennessee_Valley_Authority
p21143,KY,eastern,SERTP,SERTP,SERC_C,Tennessee_Valley_Authority
p21145,KY,eastern,SERTP,SERTP,SERC_C,Tennessee_Valley_Authority
p21147,KY,eastern,SERTP,SERTP,SERC_C,Tennessee_Valley_Authority
p21157,KY,eastern,SERTP,SERTP,SERC_C,Tennessee_Valley_Authority
p21169,KY,eastern,SERTP,SERTP,SERC_C,Tennessee_Valley_Authority
p21171,KY,eastern,SERTP,SERTP,SERC_C,Tennessee_Valley_Authority
p21199,KY,eastern,SERTP,SERTP,SERC_C,Tennessee_Valley_Authority
p21207,KY,eastern,SERTP,SERTP,SERC_C,Tennessee_Valley_Authority
p21213,KY,eastern,SERTP,SERTP,SERC_C,Tennessee_Valley_Authority
p21219,KY,eastern,SERTP,SERTP,SERC_C,Tennessee_Valley_Authority
p21221,KY,eastern,SERTP,SERTP,SERC_C,Tennessee_Valley_Authority
p21227,KY,eastern,SERTP,SERTP,SERC_C,Tennessee_Valley_Authority
p21231,KY,eastern,SERTP,SERTP,SERC_C,Tennessee_Valley_Authority
p13001,GA,eastern,SERTP,SERTP,SERC_SE,Southern_Co_Services_Inc
p13003,GA,eastern,SERTP,SERTP,SERC_SE,Southern_Co_Services_Inc
p13005,GA,eastern,SERTP,SERTP,SERC_SE,Southern_Co_Services_Inc
p13007,GA,eastern,SERTP,SERTP,SERC_SE,Southern_Co_Services_Inc
p13009,GA,eastern,SERTP,SERTP,SERC_SE,Southern_Co_Services_Inc
p13011,GA,eastern,SERTP,SERTP,SERC_SE,Southern_Co_Services_Inc
p13013,GA,eastern,SERTP,SERTP,SERC_SE,Southern_Co_Services_Inc
p13015,GA,eastern,SERTP,SERTP,SERC_SE,Southern_Co_Services_Inc
p13017,GA,eastern,SERTP,SERTP,SERC_SE,Southern_Co_Services_Inc
p13019,GA,eastern,SERTP,SERTP,SERC_SE,Southern_Co_Services_Inc
p13021,GA,eastern,SERTP,SERTP,SERC_SE,Southern_Co_Services_Inc
p13023,GA,eastern,SERTP,SERTP,SERC_SE,Southern_Co_Services_Inc
p13025,GA,eastern,SERTP,SERTP,SERC_SE,Southern_Co_Services_Inc
p13027,GA,eastern,SERTP,SERTP,SERC_SE,Southern_Co_Services_Inc
p13029,GA,eastern,SERTP,SERTP,SERC_SE,Southern_Co_Services_Inc
p13031,GA,eastern,SERTP,SERTP,SERC_SE,Southern_Co_Services_Inc
p13033,GA,eastern,SERTP,SERTP,SERC_SE,Southern_Co_Services_Inc
p13035,GA,eastern,SERTP,SERTP,SERC_SE,Southern_Co_Services_Inc
p13037,GA,eastern,SERTP,SERTP,SERC_SE,Southern_Co_Services_Inc
p13039,GA,eastern,SERTP,SERTP,SERC_SE,Southern_Co_Services_Inc
p13043,GA,eastern,SERTP,SERTP,SERC_SE,Southern_Co_Services_Inc
p13045,GA,eastern,SERTP,SERTP,SERC_SE,Southern_Co_Services_Inc
p13047,GA,eastern,SERTP,SERTP,SERC_SE,Southern_Co_Services_Inc
p13049,GA,eastern,SERTP,SERTP,SERC_SE,Southern_Co_Services_Inc
p13051,GA,eastern,SERTP,SERTP,SERC_SE,Southern_Co_Services_Inc
p13053,GA,eastern,SERTP,SERTP,SERC_SE,Southern_Co_Services_Inc
p13055,GA,eastern,SERTP,SERTP,SERC_SE,Southern_Co_Services_Inc
p13057,GA,eastern,SERTP,SERTP,SERC_SE,Southern_Co_Services_Inc
p13059,GA,eastern,SERTP,SERTP,SERC_SE,Southern_Co_Services_Inc
p13061,GA,eastern,SERTP,SERTP,SERC_SE,Southern_Co_Services_Inc
p13063,GA,eastern,SERTP,SERTP,SERC_SE,Southern_Co_Services_Inc
p13065,GA,eastern,SERTP,SERTP,SERC_SE,Southern_Co_Services_Inc
p13067,GA,eastern,SERTP,SERTP,SERC_SE,Southern_Co_Services_Inc
p13069,GA,eastern,SERTP,SERTP,SERC_SE,Southern_Co_Services_Inc
p13071,GA,eastern,SERTP,SERTP,SERC_SE,Southern_Co_Services_Inc
p13073,GA,eastern,SERTP,SERTP,SERC_SE,Southern_Co_Services_Inc
p13075,GA,eastern,SERTP,SERTP,SERC_SE,Southern_Co_Services_Inc
p13077,GA,eastern,SERTP,SERTP,SERC_SE,Southern_Co_Services_Inc
p13079,GA,eastern,SERTP,SERTP,SERC_SE,Southern_Co_Services_Inc
p13081,GA,eastern,SERTP,SERTP,SERC_SE,Southern_Co_Services_Inc
p13083,GA,eastern,SERTP,SERTP,SERC_SE,Southern_Co_Services_Inc
p13085,GA,eastern,SERTP,SERTP,SERC_SE,Southern_Co_Services_Inc
p13087,GA,eastern,SERTP,SERTP,SERC_SE,Southern_Co_Services_Inc
p13089,GA,eastern,SERTP,SERTP,SERC_SE,Southern_Co_Services_Inc
p13091,GA,eastern,SERTP,SERTP,SERC_SE,Southern_Co_Services_Inc
p13093,GA,eastern,SERTP,SERTP,SERC_SE,Southern_Co_Services_Inc
p13095,GA,eastern,SERTP,SERTP,SERC_SE,Southern_Co_Services_Inc
p13097,GA,eastern,SERTP,SERTP,SERC_SE,Southern_Co_Services_Inc
p13099,GA,eastern,SERTP,SERTP,SERC_SE,Southern_Co_Services_Inc
p13101,GA,eastern,SERTP,SERTP,SERC_SE,Southern_Co_Services_Inc
p13103,GA,eastern,SERTP,SERTP,SERC_SE,Southern_Co_Services_Inc
p13105,GA,eastern,SERTP,SERTP,SERC_SE,Southern_Co_Services_Inc
p13107,GA,eastern,SERTP,SERTP,SERC_SE,Southern_Co_Services_Inc
p13109,GA,eastern,SERTP,SERTP,SERC_SE,Southern_Co_Services_Inc
p13111,GA,eastern,SERTP,SERTP,SERC_SE,Southern_Co_Services_Inc
p13113,GA,eastern,SERTP,SERTP,SERC_SE,Southern_Co_Services_Inc
p13115,GA,eastern,SERTP,SERTP,SERC_SE,Southern_Co_Services_Inc
p13117,GA,eastern,SERTP,SERTP,SERC_SE,Southern_Co_Services_Inc
p13119,GA,eastern,SERTP,SERTP,SERC_SE,Southern_Co_Services_Inc
p13121,GA,eastern,SERTP,SERTP,SERC_SE,Southern_Co_Services_Inc
p13123,GA,eastern,SERTP,SERTP,SERC_SE,Southern_Co_Services_Inc
p13125,GA,eastern,SERTP,SERTP,SERC_SE,Southern_Co_Services_Inc
p13127,GA,eastern,SERTP,SERTP,SERC_SE,Southern_Co_Services_Inc
p13129,GA,eastern,SERTP,SERTP,SERC_SE,Southern_Co_Services_Inc
p13131,GA,eastern,SERTP,SERTP,SERC_SE,Southern_Co_Services_Inc
p13133,GA,eastern,SERTP,SERTP,SERC_SE,Southern_Co_Services_Inc
p13135,GA,eastern,SERTP,SERTP,SERC_SE,Southern_Co_Services_Inc
p13137,GA,eastern,SERTP,SERTP,SERC_SE,Southern_Co_Services_Inc
p13139,GA,eastern,SERTP,SERTP,SERC_SE,Southern_Co_Services_Inc
p13141,GA,eastern,SERTP,SERTP,SERC_SE,Southern_Co_Services_Inc
p13143,GA,eastern,SERTP,SERTP,SERC_SE,Southern_Co_Services_Inc
p13145,GA,eastern,SERTP,SERTP,SERC_SE,Southern_Co_Services_Inc
p13147,GA,eastern,SERTP,SERTP,SERC_SE,Southern_Co_Services_Inc
p13149,GA,eastern,SERTP,SERTP,SERC_SE,Southern_Co_Services_Inc
p13151,GA,eastern,SERTP,SERTP,SERC_SE,Southern_Co_Services_Inc
p13153,GA,eastern,SERTP,SERTP,SERC_SE,Southern_Co_Services_Inc
p13155,GA,eastern,SERTP,SERTP,SERC_SE,Southern_Co_Services_Inc
p13157,GA,eastern,SERTP,SERTP,SERC_SE,Southern_Co_Services_Inc
p13159,GA,eastern,SERTP,SERTP,SERC_SE,Southern_Co_Services_Inc
p13161,GA,eastern,SERTP,SERTP,SERC_SE,Southern_Co_Services_Inc
p13163,GA,eastern,SERTP,SERTP,SERC_SE,Southern_Co_Services_Inc
p13165,GA,eastern,SERTP,SERTP,SERC_SE,Southern_Co_Services_Inc
p13167,GA,eastern,SERTP,SERTP,SERC_SE,Southern_Co_Services_Inc
p13169,GA,eastern,SERTP,SERTP,SERC_SE,Southern_Co_Services_Inc
p13171,GA,eastern,SERTP,SERTP,SERC_SE,Southern_Co_Services_Inc
p13173,GA,eastern,SERTP,SERTP,SERC_SE,Southern_Co_Services_Inc
p13175,GA,eastern,SERTP,SERTP,SERC_SE,Southern_Co_Services_Inc
p13177,GA,eastern,SERTP,SERTP,SERC_SE,Southern_Co_Services_Inc
p13179,GA,eastern,SERTP,SERTP,SERC_SE,Southern_Co_Services_Inc
p13181,GA,eastern,SERTP,SERTP,SERC_SE,Southern_Co_Services_Inc
p13183,GA,eastern,SERTP,SERTP,SERC_SE,Southern_Co_Services_Inc
p13185,GA,eastern,SERTP,SERTP,SERC_SE,Southern_Co_Services_Inc
p13187,GA,eastern,SERTP,SERTP,SERC_SE,Southern_Co_Services_Inc
p13189,GA,eastern,SERTP,SERTP,SERC_SE,Southern_Co_Services_Inc
p13191,GA,eastern,SERTP,SERTP,SERC_SE,Southern_Co_Services_Inc
p13193,GA,eastern,SERTP,SERTP,SERC_SE,Southern_Co_Services_Inc
p13195,GA,eastern,SERTP,SERTP,SERC_SE,Southern_Co_Services_Inc
p13197,GA,eastern,SERTP,SERTP,SERC_SE,Southern_Co_Services_Inc
p13199,GA,eastern,SERTP,SERTP,SERC_SE,Southern_Co_Services_Inc
p13201,GA,eastern,SERTP,SERTP,SERC_SE,Southern_Co_Services_Inc
p13205,GA,eastern,SERTP,SERTP,SERC_SE,Southern_Co_Services_Inc
p13207,GA,eastern,SERTP,SERTP,SERC_SE,Southern_Co_Services_Inc
p13209,GA,eastern,SERTP,SERTP,SERC_SE,Southern_Co_Services_Inc
p13211,GA,eastern,SERTP,SERTP,SERC_SE,Southern_Co_Services_Inc
p13213,GA,eastern,SERTP,SERTP,SERC_SE,Southern_Co_Services_Inc
p13215,GA,eastern,SERTP,SERTP,SERC_SE,Southern_Co_Services_Inc
p13217,GA,eastern,SERTP,SERTP,SERC_SE,Southern_Co_Services_Inc
p13219,GA,eastern,SERTP,SERTP,SERC_SE,Southern_Co_Services_Inc
p13221,GA,eastern,SERTP,SERTP,SERC_SE,Southern_Co_Services_Inc
p13223,GA,eastern,SERTP,SERTP,SERC_SE,Southern_Co_Services_Inc
p13225,GA,eastern,SERTP,SERTP,SERC_SE,Southern_Co_Services_Inc
p13227,GA,eastern,SERTP,SERTP,SERC_SE,Southern_Co_Services_Inc
p13229,GA,eastern,SERTP,SERTP,SERC_SE,Southern_Co_Services_Inc
p13231,GA,eastern,SERTP,SERTP,SERC_SE,Southern_Co_Services_Inc
p13233,GA,eastern,SERTP,SERTP,SERC_SE,Southern_Co_Services_Inc
p13235,GA,eastern,SERTP,SERTP,SERC_SE,Southern_Co_Services_Inc
p13237,GA,eastern,SERTP,SERTP,SERC_SE,Southern_Co_Services_Inc
p13239,GA,eastern,SERTP,SERTP,SERC_SE,Southern_Co_Services_Inc
p13241,GA,eastern,SERTP,SERTP,SERC_SE,Southern_Co_Services_Inc
p13243,GA,eastern,SERTP,SERTP,SERC_SE,Southern_Co_Services_Inc
p13245,GA,eastern,SERTP,SERTP,SERC_SE,Southern_Co_Services_Inc
p13247,GA,eastern,SERTP,SERTP,SERC_SE,Southern_Co_Services_Inc
p13249,GA,eastern,SERTP,SERTP,SERC_SE,Southern_Co_Services_Inc
p13251,GA,eastern,SERTP,SERTP,SERC_SE,Southern_Co_Services_Inc
p13253,GA,eastern,SERTP,SERTP,SERC_SE,Southern_Co_Services_Inc
p13255,GA,eastern,SERTP,SERTP,SERC_SE,Southern_Co_Services_Inc
p13257,GA,eastern,SERTP,SERTP,SERC_SE,Southern_Co_Services_Inc
p13259,GA,eastern,SERTP,SERTP,SERC_SE,Southern_Co_Services_Inc
p13261,GA,eastern,SERTP,SERTP,SERC_SE,Southern_Co_Services_Inc
p13263,GA,eastern,SERTP,SERTP,SERC_SE,Southern_Co_Services_Inc
p13265,GA,eastern,SERTP,SERTP,SERC_SE,Southern_Co_Services_Inc
p13267,GA,eastern,SERTP,SERTP,SERC_SE,Southern_Co_Services_Inc
p13269,GA,eastern,SERTP,SERTP,SERC_SE,Southern_Co_Services_Inc
p13271,GA,eastern,SERTP,SERTP,SERC_SE,Southern_Co_Services_Inc
p13273,GA,eastern,SERTP,SERTP,SERC_SE,Southern_Co_Services_Inc
p13275,GA,eastern,SERTP,SERTP,SERC_SE,Southern_Co_Services_Inc
p13277,GA,eastern,SERTP,SERTP,SERC_SE,Southern_Co_Services_Inc
p13279,GA,eastern,SERTP,SERTP,SERC_SE,Southern_Co_Services_Inc
p13281,GA,eastern,SERTP,SERTP,SERC_SE,Southern_Co_Services_Inc
p13283,GA,eastern,SERTP,SERTP,SERC_SE,Southern_Co_Services_Inc
p13285,GA,eastern,SERTP,SERTP,SERC_SE,Southern_Co_Services_Inc
p13287,GA,eastern,SERTP,SERTP,SERC_SE,Southern_Co_Services_Inc
p13289,GA,eastern,SERTP,SERTP,SERC_SE,Southern_Co_Services_Inc
p13291,GA,eastern,SERTP,SERTP,SERC_SE,Southern_Co_Services_Inc
p13293,GA,eastern,SERTP,SERTP,SERC_SE,Southern_Co_Services_Inc
p13295,GA,eastern,SERTP,SERTP,SERC_SE,Southern_Co_Services_Inc
p13297,GA,eastern,SERTP,SERTP,SERC_SE,Southern_Co_Services_Inc
p13299,GA,eastern,SERTP,SERTP,SERC_SE,Southern_Co_Services_Inc
p13301,GA,eastern,SERTP,SERTP,SERC_SE,Southern_Co_Services_Inc
p13303,GA,eastern,SERTP,SERTP,SERC_SE,Southern_Co_Services_Inc
p13305,GA,eastern,SERTP,SERTP,SERC_SE,Southern_Co_Services_Inc
p13307,GA,eastern,SERTP,SERTP,SERC_SE,Southern_Co_Services_Inc
p13309,GA,eastern,SERTP,SERTP,SERC_SE,Southern_Co_Services_Inc
p13311,GA,eastern,SERTP,SERTP,SERC_SE,Southern_Co_Services_Inc
p13313,GA,eastern,SERTP,SERTP,SERC_SE,Southern_Co_Services_Inc
p13315,GA,eastern,SERTP,SERTP,SERC_SE,Southern_Co_Services_Inc
p13317,GA,eastern,SERTP,SERTP,SERC_SE,Southern_Co_Services_Inc
p13319,GA,eastern,SERTP,SERTP,SERC_SE,Southern_Co_Services_Inc
p13321,GA,eastern,SERTP,SERTP,SERC_SE,Southern_Co_Services_Inc
p45001,SC,eastern,SERTP,SERTP,SERC_E,Duke_Energy_Carolinas_LLC
p45007,SC,eastern,SERTP,SERTP,SERC_E,Duke_Energy_Carolinas_LLC
p45021,SC,eastern,SERTP,SERTP,SERC_E,Duke_Energy_Carolinas_LLC
p45023,SC,eastern,SERTP,SERTP,SERC_E,Duke_Energy_Carolinas_LLC
p45045,SC,eastern,SERTP,SERTP,SERC_E,Duke_Energy_Carolinas_LLC
p45047,SC,eastern,SERTP,SERTP,SERC_E,Duke_Energy_Carolinas_LLC
p45057,SC,eastern,SERTP,SERTP,SERC_E,Duke_Energy_Carolinas_LLC
p45059,SC,eastern,SERTP,SERTP,SERC_E,Duke_Energy_Carolinas_LLC
p45073,SC,eastern,SERTP,SERTP,SERC_E,Duke_Energy_Carolinas_LLC
p45077,SC,eastern,SERTP,SERTP,SERC_E,Duke_Energy_Carolinas_LLC
p45083,SC,eastern,SERTP,SERTP,SERC_E,Duke_Energy_Carolinas_LLC
p45087,SC,eastern,SERTP,SERTP,SERC_E,Duke_Energy_Carolinas_LLC
p45091,SC,eastern,SERTP,SERTP,SERC_E,Duke_Energy_Carolinas_LLC
p45003,SC,eastern,SERTP,SERTP,SERC_E,South_Carolina_Electric_Gas_Co
p45005,SC,eastern,SERTP,SERTP,SERC_E,South_Carolina_Electric_Gas_Co
p45009,SC,eastern,SERTP,SERTP,SERC_E,South_Carolina_Electric_Gas_Co
p45011,SC,eastern,SERTP,SERTP,SERC_E,South_Carolina_Electric_Gas_Co
p45013,SC,eastern,SERTP,SERTP,SERC_E,South_Carolina_Electric_Gas_Co
p45015,SC,eastern,SERTP,SERTP,SERC_E,South_Carolina_Electric_Gas_Co
p45017,SC,eastern,SERTP,SERTP,SERC_E,South_Carolina_Electric_Gas_Co
p45019,SC,eastern,SERTP,SERTP,SERC_E,South_Carolina_Electric_Gas_Co
p45025,SC,eastern,SERTP,SERTP,SERC_E,South_Carolina_Electric_Gas_Co
p45027,SC,eastern,SERTP,SERTP,SERC_E,South_Carolina_Electric_Gas_Co
p45029,SC,eastern,SERTP,SERTP,SERC_E,South_Carolina_Electric_Gas_Co
p45031,SC,eastern,SERTP,SERTP,SERC_E,South_Carolina_Electric_Gas_Co
p45033,SC,eastern,SERTP,SERTP,SERC_E,South_Carolina_Electric_Gas_Co
p45035,SC,eastern,SERTP,SERTP,SERC_E,South_Carolina_Electric_Gas_Co
p45037,SC,eastern,SERTP,SERTP,SERC_E,South_Carolina_Electric_Gas_Co
p45039,SC,eastern,SERTP,SERTP,SERC_E,South_Carolina_Electric_Gas_Co
p45041,SC,eastern,SERTP,SERTP,SERC_E,South_Carolina_Electric_Gas_Co
p45043,SC,eastern,SERTP,SERTP,SERC_E,South_Carolina_Electric_Gas_Co
p45049,SC,eastern,SERTP,SERTP,SERC_E,South_Carolina_Electric_Gas_Co
p45051,SC,eastern,SERTP,SERTP,SERC_E,South_Carolina_Electric_Gas_Co
p45053,SC,eastern,SERTP,SERTP,SERC_E,South_Carolina_Electric_Gas_Co
p45055,SC,eastern,SERTP,SERTP,SERC_E,South_Carolina_Electric_Gas_Co
p45061,SC,eastern,SERTP,SERTP,SERC_E,South_Carolina_Electric_Gas_Co
p45063,SC,eastern,SERTP,SERTP,SERC_E,South_Carolina_Electric_Gas_Co
p45065,SC,eastern,SERTP,SERTP,SERC_E,South_Carolina_Electric_Gas_Co
p45067,SC,eastern,SERTP,SERTP,SERC_E,South_Carolina_Electric_Gas_Co
p45069,SC,eastern,SERTP,SERTP,SERC_E,South_Carolina_Electric_Gas_Co
p45071,SC,eastern,SERTP,SERTP,SERC_E,South_Carolina_Electric_Gas_Co
p45075,SC,eastern,SERTP,SERTP,SERC_E,South_Carolina_Electric_Gas_Co
p45079,SC,eastern,SERTP,SERTP,SERC_E,South_Carolina_Electric_Gas_Co
p45081,SC,eastern,SERTP,SERTP,SERC_E,South_Carolina_Electric_Gas_Co
p45085,SC,eastern,SERTP,SERTP,SERC_E,South_Carolina_Electric_Gas_Co
p45089,SC,eastern,SERTP,SERTP,SERC_E,South_Carolina_Electric_Gas_Co
p37003,NC,eastern,SERTP,SERTP,SERC_E,Duke_Energy_Carolinas_LLC
p37005,NC,eastern,SERTP,SERTP,SERC_E,Duke_Energy_Carolinas_LLC
p37007,NC,eastern,SERTP,SERTP,SERC_E,Duke_Energy_Carolinas_LLC
p37009,NC,eastern,SERTP,SERTP,SERC_E,Duke_Energy_Carolinas_LLC
p37011,NC,eastern,SERTP,SERTP,SERC_E,Duke_Energy_Carolinas_LLC
p37021,NC,eastern,SERTP,SERTP,SERC_E,Duke_Energy_Carolinas_LLC
p37023,NC,eastern,SERTP,SERTP,SERC_E,Duke_Energy_Carolinas_LLC
p37025,NC,eastern,SERTP,SERTP,SERC_E,Duke_Energy_Carolinas_LLC
p37027,NC,eastern,SERTP,SERTP,SERC_E,Duke_Energy_Carolinas_LLC
p37035,NC,eastern,SERTP,SERTP,SERC_E,Duke_Energy_Carolinas_LLC
p37039,NC,eastern,SERTP,SERTP,SERC_E,Duke_Energy_Carolinas_LLC
p37043,NC,eastern,SERTP,SERTP,SERC_E,Duke_Energy_Carolinas_LLC
p37045,NC,eastern,SERTP,SERTP,SERC_E,Duke_Energy_Carolinas_LLC
p37057,NC,eastern,SERTP,SERTP,SERC_E,Duke_Energy_Carolinas_LLC
p37059,NC,eastern,SERTP,SERTP,SERC_E,Duke_Energy_Carolinas_LLC
p37067,NC,eastern,SERTP,SERTP,SERC_E,Duke_Energy_Carolinas_LLC
p37071,NC,eastern,SERTP,SERTP,SERC_E,Duke_Energy_Carolinas_LLC
p37075,NC,eastern,SERTP,SERTP,SERC_E,Duke_Energy_Carolinas_LLC
p37081,NC,eastern,SERTP,SERTP,SERC_E,Duke_Energy_Carolinas_LLC
p37087,NC,eastern,SERTP,SERTP,SERC_E,Duke_Energy_Carolinas_LLC
p37089,NC,eastern,SERTP,SERTP,SERC_E,Duke_Energy_Carolinas_LLC
p37097,NC,eastern,SERTP,SERTP,SERC_E,Duke_Energy_Carolinas_LLC
p37099,NC,eastern,SERTP,SERTP,SERC_E,Duke_Energy_Carolinas_LLC
p37109,NC,eastern,SERTP,SERTP,SERC_E,Duke_Energy_Carolinas_LLC
p37111,NC,eastern,SERTP,SERTP,SERC_E,Duke_Energy_Carolinas_LLC
p37113,NC,eastern,SERTP,SERTP,SERC_E,Duke_Energy_Carolinas_LLC
p37115,NC,eastern,SERTP,SERTP,SERC_E,Duke_Energy_Carolinas_LLC
p37119,NC,eastern,SERTP,SERTP,SERC_E,Duke_Energy_Carolinas_LLC
p37121,NC,eastern,SERTP,SERTP,SERC_E,Duke_Energy_Carolinas_LLC
p37149,NC,eastern,SERTP,SERTP,SERC_E,Duke_Energy_Carolinas_LLC
p37151,NC,eastern,SERTP,SERTP,SERC_E,Duke_Energy_Carolinas_LLC
p37157,NC,eastern,SERTP,SERTP,SERC_E,Duke_Energy_Carolinas_LLC
p37159,NC,eastern,SERTP,SERTP,SERC_E,Duke_Energy_Carolinas_LLC
p37161,NC,eastern,SERTP,SERTP,SERC_E,Duke_Energy_Carolinas_LLC
p37167,NC,eastern,SERTP,SERTP,SERC_E,Duke_Energy_Carolinas_LLC
p37169,NC,eastern,SERTP,SERTP,SERC_E,Duke_Energy_Carolinas_LLC
p37171,NC,eastern,SERTP,SERTP,SERC_E,Duke_Energy_Carolinas_LLC
p37173,NC,eastern,SERTP,SERTP,SERC_E,Duke_Energy_Carolinas_LLC
p37175,NC,eastern,SERTP,SERTP,SERC_E,Duke_Energy_Carolinas_LLC
p37179,NC,eastern,SERTP,SERTP,SERC_E,Duke_Energy_Carolinas_LLC
p37189,NC,eastern,SERTP,SERTP,SERC_E,Duke_Energy_Carolinas_LLC
p37193,NC,eastern,SERTP,SERTP,SERC_E,Duke_Energy_Carolinas_LLC
p37197,NC,eastern,SERTP,SERTP,SERC_E,Duke_Energy_Carolinas_LLC
p37199,NC,eastern,SERTP,SERTP,SERC_E,Duke_Energy_Carolinas_LLC
p37001,NC,eastern,SERTP,SERTP,SERC_E,Duke_Energy_Progress_East
p37013,NC,eastern,SERTP,SERTP,SERC_E,Duke_Energy_Progress_East
p37015,NC,eastern,SERTP,SERTP,SERC_E,Duke_Energy_Progress_East
p37017,NC,eastern,SERTP,SERTP,SERC_E,Duke_Energy_Progress_East
p37019,NC,eastern,SERTP,SERTP,SERC_E,Duke_Energy_Progress_East
p37029,NC,eastern,SERTP,SERTP,SERC_E,Duke_Energy_Progress_East
p37031,NC,eastern,SERTP,SERTP,SERC_E,Duke_Energy_Progress_East
p37033,NC,eastern,SERTP,SERTP,SERC_E,Duke_Energy_Progress_East
p37037,NC,eastern,SERTP,SERTP,SERC_E,Duke_Energy_Progress_East
p37041,NC,eastern,SERTP,SERTP,SERC_E,Duke_Energy_Progress_East
p37047,NC,eastern,SERTP,SERTP,SERC_E,Duke_Energy_Progress_East
p37049,NC,eastern,SERTP,SERTP,SERC_E,Duke_Energy_Progress_East
p37051,NC,eastern,SERTP,SERTP,SERC_E,Duke_Energy_Progress_East
p37053,NC,eastern,SERTP,SERTP,SERC_E,Duke_Energy_Progress_East
p37055,NC,eastern,SERTP,SERTP,SERC_E,Duke_Energy_Progress_East
p37061,NC,eastern,SERTP,SERTP,SERC_E,Duke_Energy_Progress_East
p37063,NC,eastern,SERTP,SERTP,SERC_E,Duke_Energy_Progress_East
p37065,NC,eastern,SERTP,SERTP,SERC_E,Duke_Energy_Progress_East
p37069,NC,eastern,SERTP,SERTP,SERC_E,Duke_Energy_Progress_East
p37073,NC,eastern,SERTP,SERTP,SERC_E,Duke_Energy_Progress_East
p37077,NC,eastern,SERTP,SERTP,SERC_E,Duke_Energy_Progress_East
p37079,NC,eastern,SERTP,SERTP,SERC_E,Duke_Energy_Progress_East
p37083,NC,eastern,SERTP,SERTP,SERC_E,Duke_Energy_Progress_East
p37085,NC,eastern,SERTP,SERTP,SERC_E,Duke_Energy_Progress_East
p37091,NC,eastern,SERTP,SERTP,SERC_E,Duke_Energy_Progress_East
p37093,NC,eastern,SERTP,SERTP,SERC_E,Duke_Energy_Progress_East
p37095,NC,eastern,SERTP,SERTP,SERC_E,Duke_Energy_Progress_East
p37101,NC,eastern,SERTP,SERTP,SERC_E,Duke_Energy_Progress_East
p37103,NC,eastern,SERTP,SERTP,SERC_E,Duke_Energy_Progress_East
p37105,NC,eastern,SERTP,SERTP,SERC_E,Duke_Energy_Progress_East
p37107,NC,eastern,SERTP,SERTP,SERC_E,Duke_Energy_Progress_East
p37117,NC,eastern,SERTP,SERTP,SERC_E,Duke_Energy_Progress_East
p37123,NC,eastern,SERTP,SERTP,SERC_E,Duke_Energy_Progress_East
p37125,NC,eastern,SERTP,SERTP,SERC_E,Duke_Energy_Progress_East
p37127,NC,eastern,SERTP,SERTP,SERC_E,Duke_Energy_Progress_East
p37129,NC,eastern,SERTP,SERTP,SERC_E,Duke_Energy_Progress_East
p37131,NC,eastern,SERTP,SERTP,SERC_E,Duke_Energy_Progress_East
p37133,NC,eastern,SERTP,SERTP,SERC_E,Duke_Energy_Progress_East
p37135,NC,eastern,SERTP,SERTP,SERC_E,Duke_Energy_Progress_East
p37137,NC,eastern,SERTP,SERTP,SERC_E,Duke_Energy_Progress_East
p37139,NC,eastern,SERTP,SERTP,SERC_E,Duke_Energy_Progress_East
p37141,NC,eastern,SERTP,SERTP,SERC_E,Duke_Energy_Progress_East
p37143,NC,eastern,SERTP,SERTP,SERC_E,Duke_Energy_Progress_East
p37145,NC,eastern,SERTP,SERTP,SERC_E,Duke_Energy_Progress_East
p37147,NC,eastern,SERTP,SERTP,SERC_E,Duke_Energy_Progress_East
p37153,NC,eastern,SERTP,SERTP,SERC_E,Duke_Energy_Progress_East
p37155,NC,eastern,SERTP,SERTP,SERC_E,Duke_Energy_Progress_East
p37163,NC,eastern,SERTP,SERTP,SERC_E,Duke_Energy_Progress_East
p37165,NC,eastern,SERTP,SERTP,SERC_E,Duke_Energy_Progress_East
p37177,NC,eastern,SERTP,SERTP,SERC_E,Duke_Energy_Progress_East
p37181,NC,eastern,SERTP,SERTP,SERC_E,Duke_Energy_Progress_East
p37183,NC,eastern,SERTP,SERTP,SERC_E,Duke_Energy_Progress_East
p37185,NC,eastern,SERTP,SERTP,SERC_E,Duke_Energy_Progress_East
p37187,NC,eastern,SERTP,SERTP,SERC_E,Duke_Energy_Progress_East
p37191,NC,eastern,SERTP,SERTP,SERC_E,Duke_Energy_Progress_East
p37195,NC,eastern,SERTP,SERTP,SERC_E,Duke_Energy_Progress_East
p51003,VA,eastern,PJM_East,PJM,PJM,PJM
p51005,VA,eastern,PJM_East,PJM,PJM,PJM
p51007,VA,eastern,PJM_East,PJM,PJM,PJM
p51011,VA,eastern,PJM_East,PJM,PJM,PJM
p51013,VA,eastern,PJM_East,PJM,PJM,PJM
p51015,VA,eastern,PJM_East,PJM,PJM,PJM
p51017,VA,eastern,PJM_East,PJM,PJM,PJM
p51025,VA,eastern,PJM_East,PJM,PJM,PJM
p51029,VA,eastern,PJM_East,PJM,PJM,PJM
p51031,VA,eastern,PJM_East,PJM,PJM,PJM
p51033,VA,eastern,PJM_East,PJM,PJM,PJM
p51036,VA,eastern,PJM_East,PJM,PJM,PJM
p51037,VA,eastern,PJM_East,PJM,PJM,PJM
p51041,VA,eastern,PJM_East,PJM,PJM,PJM
p51047,VA,eastern,PJM_East,PJM,PJM,PJM
p51049,VA,eastern,PJM_East,PJM,PJM,PJM
p51053,VA,eastern,PJM_East,PJM,PJM,PJM
p51057,VA,eastern,PJM_East,PJM,PJM,PJM
p51059,VA,eastern,PJM_East,PJM,PJM,PJM
p51061,VA,eastern,PJM_East,PJM,PJM,PJM
p51065,VA,eastern,PJM_East,PJM,PJM,PJM
p51073,VA,eastern,PJM_East,PJM,PJM,PJM
p51075,VA,eastern,PJM_East,PJM,PJM,PJM
p51081,VA,eastern,PJM_East,PJM,PJM,PJM
p51083,VA,eastern,PJM_East,PJM,PJM,PJM
p51085,VA,eastern,PJM_East,PJM,PJM,PJM
p51087,VA,eastern,PJM_East,PJM,PJM,PJM
p51091,VA,eastern,PJM_East,PJM,PJM,PJM
p51093,VA,eastern,PJM_East,PJM,PJM,PJM
p51095,VA,eastern,PJM_East,PJM,PJM,PJM
p51097,VA,eastern,PJM_East,PJM,PJM,PJM
p51099,VA,eastern,PJM_East,PJM,PJM,PJM
p51101,VA,eastern,PJM_East,PJM,PJM,PJM
p51103,VA,eastern,PJM_East,PJM,PJM,PJM
p51107,VA,eastern,PJM_East,PJM,PJM,PJM
p51109,VA,eastern,PJM_East,PJM,PJM,PJM
p51111,VA,eastern,PJM_East,PJM,PJM,PJM
p51115,VA,eastern,PJM_East,PJM,PJM,PJM
p51117,VA,eastern,PJM_East,PJM,PJM,PJM
p51119,VA,eastern,PJM_East,PJM,PJM,PJM
p51127,VA,eastern,PJM_East,PJM,PJM,PJM
p51133,VA,eastern,PJM_East,PJM,PJM,PJM
p51135,VA,eastern,PJM_East,PJM,PJM,PJM
p51137,VA,eastern,PJM_East,PJM,PJM,PJM
p51143,VA,eastern,PJM_East,PJM,PJM,PJM
p51145,VA,eastern,PJM_East,PJM,PJM,PJM
p51147,VA,eastern,PJM_East,PJM,PJM,PJM
p51149,VA,eastern,PJM_East,PJM,PJM,PJM
p51153,VA,eastern,PJM_East,PJM,PJM,PJM
p51159,VA,eastern,PJM_East,PJM,PJM,PJM
p51163,VA,eastern,PJM_East,PJM,PJM,PJM
p51165,VA,eastern,PJM_East,PJM,PJM,PJM
p51171,VA,eastern,PJM_East,PJM,PJM,PJM
p51175,VA,eastern,PJM_East,PJM,PJM,PJM
p51177,VA,eastern,PJM_East,PJM,PJM,PJM
p51179,VA,eastern,PJM_East,PJM,PJM,PJM
p51181,VA,eastern,PJM_East,PJM,PJM,PJM
p51183,VA,eastern,PJM_East,PJM,PJM,PJM
p51193,VA,eastern,PJM_East,PJM,PJM,PJM
p51199,VA,eastern,PJM_East,PJM,PJM,PJM
p51510,VA,eastern,PJM_East,PJM,PJM,PJM
p51530,VA,eastern,PJM_East,PJM,PJM,PJM
p51540,VA,eastern,PJM_East,PJM,PJM,PJM
p51550,VA,eastern,PJM_East,PJM,PJM,PJM
p51570,VA,eastern,PJM_East,PJM,PJM,PJM
p51580,VA,eastern,PJM_East,PJM,PJM,PJM
p51590,VA,eastern,PJM_East,PJM,PJM,PJM
p51595,VA,eastern,PJM_East,PJM,PJM,PJM
p51600,VA,eastern,PJM_East,PJM,PJM,PJM
p51610,VA,eastern,PJM_East,PJM,PJM,PJM
p51620,VA,eastern,PJM_East,PJM,PJM,PJM
p51630,VA,eastern,PJM_East,PJM,PJM,PJM
p51650,VA,eastern,PJM_East,PJM,PJM,PJM
p51660,VA,eastern,PJM_East,PJM,PJM,PJM
p51670,VA,eastern,PJM_East,PJM,PJM,PJM
p51678,VA,eastern,PJM_East,PJM,PJM,PJM
p51683,VA,eastern,PJM_East,PJM,PJM,PJM
p51685,VA,eastern,PJM_East,PJM,PJM,PJM
p51700,VA,eastern,PJM_East,PJM,PJM,PJM
p51710,VA,eastern,PJM_East,PJM,PJM,PJM
p51730,VA,eastern,PJM_East,PJM,PJM,PJM
p51735,VA,eastern,PJM_East,PJM,PJM,PJM
p51740,VA,eastern,PJM_East,PJM,PJM,PJM
p51760,VA,eastern,PJM_East,PJM,PJM,PJM
p51790,VA,eastern,PJM_East,PJM,PJM,PJM
p51800,VA,eastern,PJM_East,PJM,PJM,PJM
p51810,VA,eastern,PJM_East,PJM,PJM,PJM
p51820,VA,eastern,PJM_East,PJM,PJM,PJM
p51830,VA,eastern,PJM_East,PJM,PJM,PJM
p51043,VA,eastern,PJM_East,PJM,PJM,PJM
p51069,VA,eastern,PJM_East,PJM,PJM,PJM
p51079,VA,eastern,PJM_East,PJM,PJM,PJM
p51113,VA,eastern,PJM_East,PJM,PJM,PJM
p51139,VA,eastern,PJM_East,PJM,PJM,PJM
p51157,VA,eastern,PJM_East,PJM,PJM,PJM
p51187,VA,eastern,PJM_East,PJM,PJM,PJM
p51840,VA,eastern,PJM_East,PJM,PJM,PJM
p12001,FL,eastern,FRCC,FRCC,SERC_F,Seminole_Electric_Coop_Inc
p12003,FL,eastern,FRCC,FRCC,SERC_F,Seminole_Electric_Coop_Inc
p12007,FL,eastern,FRCC,FRCC,SERC_F,Seminole_Electric_Coop_Inc
p12015,FL,eastern,FRCC,FRCC,SERC_F,Seminole_Electric_Coop_Inc
p12017,FL,eastern,FRCC,FRCC,SERC_F,Seminole_Electric_Coop_Inc
p12019,FL,eastern,FRCC,FRCC,SERC_F,Seminole_Electric_Coop_Inc
p12021,FL,eastern,FRCC,FRCC,SERC_F,Seminole_Electric_Coop_Inc
p12023,FL,eastern,FRCC,FRCC,SERC_F,Seminole_Electric_Coop_Inc
p12027,FL,eastern,FRCC,FRCC,SERC_F,Seminole_Electric_Coop_Inc
p12029,FL,eastern,FRCC,FRCC,SERC_F,Seminole_Electric_Coop_Inc
p12031,FL,eastern,FRCC,FRCC,SERC_F,Seminole_Electric_Coop_Inc
p12035,FL,eastern,FRCC,FRCC,SERC_F,Seminole_Electric_Coop_Inc
p12037,FL,eastern,FRCC,FRCC,SERC_F,Seminole_Electric_Coop_Inc
p12039,FL,eastern,FRCC,FRCC,SERC_F,Seminole_Electric_Coop_Inc
p12041,FL,eastern,FRCC,FRCC,SERC_F,Seminole_Electric_Coop_Inc
p12043,FL,eastern,FRCC,FRCC,SERC_F,Seminole_Electric_Coop_Inc
p12047,FL,eastern,FRCC,FRCC,SERC_F,Seminole_Electric_Coop_Inc
p12049,FL,eastern,FRCC,FRCC,SERC_F,Seminole_Electric_Coop_Inc
p12051,FL,eastern,FRCC,FRCC,SERC_F,Seminole_Electric_Coop_Inc
p12053,FL,eastern,FRCC,FRCC,SERC_F,Seminole_Electric_Coop_Inc
p12055,FL,eastern,FRCC,FRCC,SERC_F,Seminole_Electric_Coop_Inc
p12057,FL,eastern,FRCC,FRCC,SERC_F,Seminole_Electric_Coop_Inc
p12065,FL,eastern,FRCC,FRCC,SERC_F,Seminole_Electric_Coop_Inc
p12067,FL,eastern,FRCC,FRCC,SERC_F,Seminole_Electric_Coop_Inc
p12069,FL,eastern,FRCC,FRCC,SERC_F,Seminole_Electric_Coop_Inc
p12071,FL,eastern,FRCC,FRCC,SERC_F,Seminole_Electric_Coop_Inc
p12073,FL,eastern,FRCC,FRCC,SERC_F,Seminole_Electric_Coop_Inc
p12075,FL,eastern,FRCC,FRCC,SERC_F,Seminole_Electric_Coop_Inc
p12077,FL,eastern,FRCC,FRCC,SERC_F,Seminole_Electric_Coop_Inc
p12079,FL,eastern,FRCC,FRCC,SERC_F,Seminole_Electric_Coop_Inc
p12081,FL,eastern,FRCC,FRCC,SERC_F,Seminole_Electric_Coop_Inc
p12083,FL,eastern,FRCC,FRCC,SERC_F,Seminole_Electric_Coop_Inc
p12087,FL,eastern,FRCC,FRCC,SERC_F,Seminole_Electric_Coop_Inc
p12089,FL,eastern,FRCC,FRCC,SERC_F,Seminole_Electric_Coop_Inc
p12093,FL,eastern,FRCC,FRCC,SERC_F,Seminole_Electric_Coop_Inc
p12095,FL,eastern,FRCC,FRCC,SERC_F,Seminole_Electric_Coop_Inc
p12097,FL,eastern,FRCC,FRCC,SERC_F,Seminole_Electric_Coop_Inc
p12101,FL,eastern,FRCC,FRCC,SERC_F,Seminole_Electric_Coop_Inc
p12103,FL,eastern,FRCC,FRCC,SERC_F,Seminole_Electric_Coop_Inc
p12105,FL,eastern,FRCC,FRCC,SERC_F,Seminole_Electric_Coop_Inc
p12107,FL,eastern,FRCC,FRCC,SERC_F,Seminole_Electric_Coop_Inc
p12109,FL,eastern,FRCC,FRCC,SERC_F,Seminole_Electric_Coop_Inc
p12115,FL,eastern,FRCC,FRCC,SERC_F,Seminole_Electric_Coop_Inc
p12117,FL,eastern,FRCC,FRCC,SERC_F,Seminole_Electric_Coop_Inc
p12119,FL,eastern,FRCC,FRCC,SERC_F,Seminole_Electric_Coop_Inc
p12121,FL,eastern,FRCC,FRCC,SERC_F,Seminole_Electric_Coop_Inc
p12123,FL,eastern,FRCC,FRCC,SERC_F,Seminole_Electric_Coop_Inc
p12125,FL,eastern,FRCC,FRCC,SERC_F,Seminole_Electric_Coop_Inc
p12127,FL,eastern,FRCC,FRCC,SERC_F,Seminole_Electric_Coop_Inc
p12129,FL,eastern,FRCC,FRCC,SERC_F,Seminole_Electric_Coop_Inc
p12009,FL,eastern,FRCC,FRCC,SERC_F,Florida_Power_and_Light
p12011,FL,eastern,FRCC,FRCC,SERC_F,Florida_Power_and_Light
p12061,FL,eastern,FRCC,FRCC,SERC_F,Florida_Power_and_Light
p12085,FL,eastern,FRCC,FRCC,SERC_F,Florida_Power_and_Light
p12086,FL,eastern,FRCC,FRCC,SERC_F,Florida_Power_and_Light
p12099,FL,eastern,FRCC,FRCC,SERC_F,Florida_Power_and_Light
p12111,FL,eastern,FRCC,FRCC,SERC_F,Florida_Power_and_Light
p26001,MI,eastern,MISO_Central,MISO,MISO,MISO
p26005,MI,eastern,MISO_Central,MISO,MISO,MISO
p26007,MI,eastern,MISO_Central,MISO,MISO,MISO
p26009,MI,eastern,MISO_Central,MISO,MISO,MISO
p26011,MI,eastern,MISO_Central,MISO,MISO,MISO
p26015,MI,eastern,MISO_Central,MISO,MISO,MISO
p26017,MI,eastern,MISO_Central,MISO,MISO,MISO
p26019,MI,eastern,MISO_Central,MISO,MISO,MISO
p26023,MI,eastern,MISO_Central,MISO,MISO,MISO
p26025,MI,eastern,MISO_Central,MISO,MISO,MISO
p26029,MI,eastern,MISO_Central,MISO,MISO,MISO
p26031,MI,eastern,MISO_Central,MISO,MISO,MISO
p26033,MI,eastern,MISO_Central,MISO,MISO,MISO
p26035,MI,eastern,MISO_Central,MISO,MISO,MISO
p26037,MI,eastern,MISO_Central,MISO,MISO,MISO
p26039,MI,eastern,MISO_Central,MISO,MISO,MISO
p26045,MI,eastern,MISO_Central,MISO,MISO,MISO
p26047,MI,eastern,MISO_Central,MISO,MISO,MISO
p26049,MI,eastern,MISO_Central,MISO,MISO,MISO
p26051,MI,eastern,MISO_Central,MISO,MISO,MISO
p26055,MI,eastern,MISO_Central,MISO,MISO,MISO
p26057,MI,eastern,MISO_Central,MISO,MISO,MISO
p26059,MI,eastern,MISO_Central,MISO,MISO,MISO
p26063,MI,eastern,MISO_Central,MISO,MISO,MISO
p26065,MI,eastern,MISO_Central,MISO,MISO,MISO
p26067,MI,eastern,MISO_Central,MISO,MISO,MISO
p26069,MI,eastern,MISO_Central,MISO,MISO,MISO
p26073,MI,eastern,MISO_Central,MISO,MISO,MISO
p26075,MI,eastern,MISO_Central,MISO,MISO,MISO
p26079,MI,eastern,MISO_Central,MISO,MISO,MISO
p26081,MI,eastern,MISO_Central,MISO,MISO,MISO
p26085,MI,eastern,MISO_Central,MISO,MISO,MISO
p26087,MI,eastern,MISO_Central,MISO,MISO,MISO
p26089,MI,eastern,MISO_Central,MISO,MISO,MISO
p26091,MI,eastern,MISO_Central,MISO,MISO,MISO
p26093,MI,eastern,MISO_Central,MISO,MISO,MISO
p26095,MI,eastern,MISO_Central,MISO,MISO,MISO
p26097,MI,eastern,MISO_Central,MISO,MISO,MISO
p26099,MI,eastern,MISO_Central,MISO,MISO,MISO
p26101,MI,eastern,MISO_Central,MISO,MISO,MISO
p26105,MI,eastern,MISO_Central,MISO,MISO,MISO
p26107,MI,eastern,MISO_Central,MISO,MISO,MISO
p26111,MI,eastern,MISO_Central,MISO,MISO,MISO
p26113,MI,eastern,MISO_Central,MISO,MISO,MISO
p26115,MI,eastern,MISO_Central,MISO,MISO,MISO
p26117,MI,eastern,MISO_Central,MISO,MISO,MISO
p26119,MI,eastern,MISO_Central,MISO,MISO,MISO
p26121,MI,eastern,MISO_Central,MISO,MISO,MISO
p26123,MI,eastern,MISO_Central,MISO,MISO,MISO
p26125,MI,eastern,MISO_Central,MISO,MISO,MISO
p26127,MI,eastern,MISO_Central,MISO,MISO,MISO
p26129,MI,eastern,MISO_Central,MISO,MISO,MISO
p26133,MI,eastern,MISO_Central,MISO,MISO,MISO
p26135,MI,eastern,MISO_Central,MISO,MISO,MISO
p26137,MI,eastern,MISO_Central,MISO,MISO,MISO
p26139,MI,eastern,MISO_Central,MISO,MISO,MISO
p26141,MI,eastern,MISO_Central,MISO,MISO,MISO
p26143,MI,eastern,MISO_Central,MISO,MISO,MISO
p26145,MI,eastern,MISO_Central,MISO,MISO,MISO
p26147,MI,eastern,MISO_Central,MISO,MISO,MISO
p26151,MI,eastern,MISO_Central,MISO,MISO,MISO
p26153,MI,eastern,MISO_Central,MISO,MISO,MISO
p26155,MI,eastern,MISO_Central,MISO,MISO,MISO
p26157,MI,eastern,MISO_Central,MISO,MISO,MISO
p26161,MI,eastern,MISO_Central,MISO,MISO,MISO
p26163,MI,eastern,MISO_Central,MISO,MISO,MISO
p26165,MI,eastern,MISO_Central,MISO,MISO,MISO
p26021,MI,eastern,PJM_West,PJM,PJM,PJM
p26027,MI,eastern,PJM_West,PJM,PJM,PJM
p26077,MI,eastern,PJM_West,PJM,PJM,PJM
p26149,MI,eastern,PJM_West,PJM,PJM,PJM
p26159,MI,eastern,PJM_West,PJM,PJM,PJM
p18001,IN,eastern,MISO_Central,MISO,MISO,MISO
p18003,IN,eastern,MISO_Central,MISO,MISO,MISO
p18007,IN,eastern,MISO_Central,MISO,MISO,MISO
p18009,IN,eastern,MISO_Central,MISO,MISO,MISO
p18011,IN,eastern,MISO_Central,MISO,MISO,MISO
p18015,IN,eastern,MISO_Central,MISO,MISO,MISO
p18017,IN,eastern,MISO_Central,MISO,MISO,MISO
p18023,IN,eastern,MISO_Central,MISO,MISO,MISO
p18033,IN,eastern,MISO_Central,MISO,MISO,MISO
p18035,IN,eastern,MISO_Central,MISO,MISO,MISO
p18039,IN,eastern,MISO_Central,MISO,MISO,MISO
p18045,IN,eastern,MISO_Central,MISO,MISO,MISO
p18049,IN,eastern,MISO_Central,MISO,MISO,MISO
p18053,IN,eastern,MISO_Central,MISO,MISO,MISO
p18059,IN,eastern,MISO_Central,MISO,MISO,MISO
p18063,IN,eastern,MISO_Central,MISO,MISO,MISO
p18067,IN,eastern,MISO_Central,MISO,MISO,MISO
p18069,IN,eastern,MISO_Central,MISO,MISO,MISO
p18073,IN,eastern,MISO_Central,MISO,MISO,MISO
p18075,IN,eastern,MISO_Central,MISO,MISO,MISO
p18085,IN,eastern,MISO_Central,MISO,MISO,MISO
p18087,IN,eastern,MISO_Central,MISO,MISO,MISO
p18089,IN,eastern,MISO_Central,MISO,MISO,MISO
p18091,IN,eastern,MISO_Central,MISO,MISO,MISO
p18095,IN,eastern,MISO_Central,MISO,MISO,MISO
p18099,IN,eastern,MISO_Central,MISO,MISO,MISO
p18103,IN,eastern,MISO_Central,MISO,MISO,MISO
p18107,IN,eastern,MISO_Central,MISO,MISO,MISO
p18111,IN,eastern,MISO_Central,MISO,MISO,MISO
p18113,IN,eastern,MISO_Central,MISO,MISO,MISO
p18121,IN,eastern,MISO_Central,MISO,MISO,MISO
p18127,IN,eastern,MISO_Central,MISO,MISO,MISO
p18131,IN,eastern,MISO_Central,MISO,MISO,MISO
p18133,IN,eastern,MISO_Central,MISO,MISO,MISO
p18135,IN,eastern,MISO_Central,MISO,MISO,MISO
p18141,IN,eastern,MISO_Central,MISO,MISO,MISO
p18149,IN,eastern,MISO_Central,MISO,MISO,MISO
p18151,IN,eastern,MISO_Central,MISO,MISO,MISO
p18157,IN,eastern,MISO_Central,MISO,MISO,MISO
p18159,IN,eastern,MISO_Central,MISO,MISO,MISO
p18165,IN,eastern,MISO_Central,MISO,MISO,MISO
p18167,IN,eastern,MISO_Central,MISO,MISO,MISO
p18169,IN,eastern,MISO_Central,MISO,MISO,MISO
p18171,IN,eastern,MISO_Central,MISO,MISO,MISO
p18179,IN,eastern,MISO_Central,MISO,MISO,MISO
p18181,IN,eastern,MISO_Central,MISO,MISO,MISO
p18183,IN,eastern,MISO_Central,MISO,MISO,MISO
p18057,IN,eastern,MISO_Central,MISO,MISO,MISO
p18097,IN,eastern,MISO_Central,MISO,MISO,MISO
p18005,IN,eastern,MISO_Central,MISO,MISO,MISO
p18013,IN,eastern,MISO_Central,MISO,MISO,MISO
p18019,IN,eastern,MISO_Central,MISO,MISO,MISO
p18021,IN,eastern,MISO_Central,MISO,MISO,MISO
p18025,IN,eastern,MISO_Central,MISO,MISO,MISO
p18027,IN,eastern,MISO_Central,MISO,MISO,MISO
p18029,IN,eastern,MISO_Central,MISO,MISO,MISO
p18031,IN,eastern,MISO_Central,MISO,MISO,MISO
p18037,IN,eastern,MISO_Central,MISO,MISO,MISO
p18041,IN,eastern,MISO_Central,MISO,MISO,MISO
p18043,IN,eastern,MISO_Central,MISO,MISO,MISO
p18047,IN,eastern,MISO_Central,MISO,MISO,MISO
p18051,IN,eastern,MISO_Central,MISO,MISO,MISO
p18055,IN,eastern,MISO_Central,MISO,MISO,MISO
p18061,IN,eastern,MISO_Central,MISO,MISO,MISO
p18065,IN,eastern,MISO_Central,MISO,MISO,MISO
p18071,IN,eastern,MISO_Central,MISO,MISO,MISO
p18077,IN,eastern,MISO_Central,MISO,MISO,MISO
p18079,IN,eastern,MISO_Central,MISO,MISO,MISO
p18081,IN,eastern,MISO_Central,MISO,MISO,MISO
p18083,IN,eastern,MISO_Central,MISO,MISO,MISO
p18093,IN,eastern,MISO_Central,MISO,MISO,MISO
p18101,IN,eastern,MISO_Central,MISO,MISO,MISO
p18105,IN,eastern,MISO_Central,MISO,MISO,MISO
p18109,IN,eastern,MISO_Central,MISO,MISO,MISO
p18115,IN,eastern,MISO_Central,MISO,MISO,MISO
p18117,IN,eastern,MISO_Central,MISO,MISO,MISO
p18119,IN,eastern,MISO_Central,MISO,MISO,MISO
p18123,IN,eastern,MISO_Central,MISO,MISO,MISO
p18125,IN,eastern,MISO_Central,MISO,MISO,MISO
p18129,IN,eastern,MISO_Central,MISO,MISO,MISO
p18137,IN,eastern,MISO_Central,MISO,MISO,MISO
p18139,IN,eastern,MISO_Central,MISO,MISO,MISO
p18143,IN,eastern,MISO_Central,MISO,MISO,MISO
p18145,IN,eastern,MISO_Central,MISO,MISO,MISO
p18147,IN,eastern,MISO_Central,MISO,MISO,MISO
p18153,IN,eastern,MISO_Central,MISO,MISO,MISO
p18155,IN,eastern,MISO_Central,MISO,MISO,MISO
p18161,IN,eastern,MISO_Central,MISO,MISO,MISO
p18163,IN,eastern,MISO_Central,MISO,MISO,MISO
p18173,IN,eastern,MISO_Central,MISO,MISO,MISO
p18175,IN,eastern,MISO_Central,MISO,MISO,MISO
p18177,IN,eastern,MISO_Central,MISO,MISO,MISO
p21027,KY,eastern,MISO_Central,MISO,MISO,MISO
p21033,KY,eastern,MISO_Central,MISO,MISO,MISO
p21055,KY,eastern,MISO_Central,MISO,MISO,MISO
p21059,KY,eastern,MISO_Central,MISO,MISO,MISO
p21085,KY,eastern,MISO_Central,MISO,MISO,MISO
p21091,KY,eastern,MISO_Central,MISO,MISO,MISO
p21101,KY,eastern,MISO_Central,MISO,MISO,MISO
p21107,KY,eastern,MISO_Central,MISO,MISO,MISO
p21149,KY,eastern,MISO_Central,MISO,MISO,MISO
p21177,KY,eastern,MISO_Central,MISO,MISO,MISO
p21183,KY,eastern,MISO_Central,MISO,MISO,MISO
p21225,KY,eastern,MISO_Central,MISO,MISO,MISO
p21233,KY,eastern,MISO_Central,MISO,MISO,MISO
p21001,KY,eastern,PJM_East,PJM,PJM,PJM
p21005,KY,eastern,PJM_East,PJM,PJM,PJM
p21009,KY,eastern,PJM_East,PJM,PJM,PJM
p21011,KY,eastern,PJM_East,PJM,PJM,PJM
p21013,KY,eastern,PJM_East,PJM,PJM,PJM
p21015,KY,eastern,PJM_East,PJM,PJM,PJM
p21017,KY,eastern,PJM_East,PJM,PJM,PJM
p21021,KY,eastern,PJM_East,PJM,PJM,PJM
p21023,KY,eastern,PJM_East,PJM,PJM,PJM
p21029,KY,eastern,PJM_East,PJM,PJM,PJM
p21037,KY,eastern,PJM_East,PJM,PJM,PJM
p21041,KY,eastern,PJM_East,PJM,PJM,PJM
p21045,KY,eastern,PJM_East,PJM,PJM,PJM
p21049,KY,eastern,PJM_East,PJM,PJM,PJM
p21051,KY,eastern,PJM_East,PJM,PJM,PJM
p21061,KY,eastern,PJM_East,PJM,PJM,PJM
p21063,KY,eastern,PJM_East,PJM,PJM,PJM
p21065,KY,eastern,PJM_East,PJM,PJM,PJM
p21067,KY,eastern,PJM_East,PJM,PJM,PJM
p21069,KY,eastern,PJM_East,PJM,PJM,PJM
p21073,KY,eastern,PJM_East,PJM,PJM,PJM
p21077,KY,eastern,PJM_East,PJM,PJM,PJM
p21079,KY,eastern,PJM_East,PJM,PJM,PJM
p21081,KY,eastern,PJM_East,PJM,PJM,PJM
p21087,KY,eastern,PJM_East,PJM,PJM,PJM
p21089,KY,eastern,PJM_East,PJM,PJM,PJM
p21093,KY,eastern,PJM_East,PJM,PJM,PJM
p21095,KY,eastern,PJM_East,PJM,PJM,PJM
p21097,KY,eastern,PJM_East,PJM,PJM,PJM
p21099,KY,eastern,PJM_East,PJM,PJM,PJM
p21103,KY,eastern,PJM_East,PJM,PJM,PJM
p21109,KY,eastern,PJM_East,PJM,PJM,PJM
p21111,KY,eastern,PJM_East,PJM,PJM,PJM
p21113,KY,eastern,PJM_East,PJM,PJM,PJM
p21115,KY,eastern,PJM_East,PJM,PJM,PJM
p21117,KY,eastern,PJM_East,PJM,PJM,PJM
p21121,KY,eastern,PJM_East,PJM,PJM,PJM
p21123,KY,eastern,PJM_East,PJM,PJM,PJM
p21125,KY,eastern,PJM_East,PJM,PJM,PJM
p21129,KY,eastern,PJM_East,PJM,PJM,PJM
p21135,KY,eastern,PJM_East,PJM,PJM,PJM
p21137,KY,eastern,PJM_East,PJM,PJM,PJM
p21151,KY,eastern,PJM_East,PJM,PJM,PJM
p21153,KY,eastern,PJM_East,PJM,PJM,PJM
p21155,KY,eastern,PJM_East,PJM,PJM,PJM
p21161,KY,eastern,PJM_East,PJM,PJM,PJM
p21163,KY,eastern,PJM_East,PJM,PJM,PJM
p21165,KY,eastern,PJM_East,PJM,PJM,PJM
p21167,KY,eastern,PJM_East,PJM,PJM,PJM
p21173,KY,eastern,PJM_East,PJM,PJM,PJM
p21175,KY,eastern,PJM_East,PJM,PJM,PJM
p21179,KY,eastern,PJM_East,PJM,PJM,PJM
p21181,KY,eastern,PJM_East,PJM,PJM,PJM
p21185,KY,eastern,PJM_East,PJM,PJM,PJM
p21187,KY,eastern,PJM_East,PJM,PJM,PJM
p21189,KY,eastern,PJM_East,PJM,PJM,PJM
p21191,KY,eastern,PJM_East,PJM,PJM,PJM
p21197,KY,eastern,PJM_East,PJM,PJM,PJM
p21201,KY,eastern,PJM_East,PJM,PJM,PJM
p21203,KY,eastern,PJM_East,PJM,PJM,PJM
p21205,KY,eastern,PJM_East,PJM,PJM,PJM
p21209,KY,eastern,PJM_East,PJM,PJM,PJM
p21211,KY,eastern,PJM_East,PJM,PJM,PJM
p21215,KY,eastern,PJM_East,PJM,PJM,PJM
p21217,KY,eastern,PJM_East,PJM,PJM,PJM
p21223,KY,eastern,PJM_East,PJM,PJM,PJM
p21229,KY,eastern,PJM_East,PJM,PJM,PJM
p21235,KY,eastern,PJM_East,PJM,PJM,PJM
p21237,KY,eastern,PJM_East,PJM,PJM,PJM
p21239,KY,eastern,PJM_East,PJM,PJM,PJM
p21019,KY,eastern,PJM_East,PJM,PJM,PJM
p21025,KY,eastern,PJM_East,PJM,PJM,PJM
p21043,KY,eastern,PJM_East,PJM,PJM,PJM
p21071,KY,eastern,PJM_East,PJM,PJM,PJM
p21119,KY,eastern,PJM_East,PJM,PJM,PJM
p21127,KY,eastern,PJM_East,PJM,PJM,PJM
p21131,KY,eastern,PJM_East,PJM,PJM,PJM
p21133,KY,eastern,PJM_East,PJM,PJM,PJM
p21159,KY,eastern,PJM_East,PJM,PJM,PJM
p21193,KY,eastern,PJM_East,PJM,PJM,PJM
p21195,KY,eastern,PJM_East,PJM,PJM,PJM
p39007,OH,eastern,PJM_East,PJM,PJM,PJM
p39029,OH,eastern,PJM_East,PJM,PJM,PJM
p39035,OH,eastern,PJM_East,PJM,PJM,PJM
p39043,OH,eastern,PJM_East,PJM,PJM,PJM
p39051,OH,eastern,PJM_East,PJM,PJM,PJM
p39055,OH,eastern,PJM_East,PJM,PJM,PJM
p39085,OH,eastern,PJM_East,PJM,PJM,PJM
p39093,OH,eastern,PJM_East,PJM,PJM,PJM
p39095,OH,eastern,PJM_East,PJM,PJM,PJM
p39099,OH,eastern,PJM_East,PJM,PJM,PJM
p39103,OH,eastern,PJM_East,PJM,PJM,PJM
p39123,OH,eastern,PJM_East,PJM,PJM,PJM
p39133,OH,eastern,PJM_East,PJM,PJM,PJM
p39143,OH,eastern,PJM_East,PJM,PJM,PJM
p39151,OH,eastern,PJM_East,PJM,PJM,PJM
p39153,OH,eastern,PJM_East,PJM,PJM,PJM
p39155,OH,eastern,PJM_East,PJM,PJM,PJM
p39173,OH,eastern,PJM_East,PJM,PJM,PJM
p39001,OH,eastern,PJM_East,PJM,PJM,PJM
p39003,OH,eastern,PJM_East,PJM,PJM,PJM
p39005,OH,eastern,PJM_East,PJM,PJM,PJM
p39009,OH,eastern,PJM_East,PJM,PJM,PJM
p39011,OH,eastern,PJM_East,PJM,PJM,PJM
p39013,OH,eastern,PJM_East,PJM,PJM,PJM
p39019,OH,eastern,PJM_East,PJM,PJM,PJM
p39021,OH,eastern,PJM_East,PJM,PJM,PJM
p39031,OH,eastern,PJM_East,PJM,PJM,PJM
p39033,OH,eastern,PJM_East,PJM,PJM,PJM
p39037,OH,eastern,PJM_East,PJM,PJM,PJM
p39039,OH,eastern,PJM_East,PJM,PJM,PJM
p39041,OH,eastern,PJM_East,PJM,PJM,PJM
p39045,OH,eastern,PJM_East,PJM,PJM,PJM
p39049,OH,eastern,PJM_East,PJM,PJM,PJM
p39053,OH,eastern,PJM_East,PJM,PJM,PJM
p39059,OH,eastern,PJM_East,PJM,PJM,PJM
p39063,OH,eastern,PJM_East,PJM,PJM,PJM
p39065,OH,eastern,PJM_East,PJM,PJM,PJM
p39067,OH,eastern,PJM_East,PJM,PJM,PJM
p39069,OH,eastern,PJM_East,PJM,PJM,PJM
p39071,OH,eastern,PJM_East,PJM,PJM,PJM
p39073,OH,eastern,PJM_East,PJM,PJM,PJM
p39075,OH,eastern,PJM_East,PJM,PJM,PJM
p39077,OH,eastern,PJM_East,PJM,PJM,PJM
p39079,OH,eastern,PJM_East,PJM,PJM,PJM
p39081,OH,eastern,PJM_East,PJM,PJM,PJM
p39083,OH,eastern,PJM_East,PJM,PJM,PJM
p39087,OH,eastern,PJM_East,PJM,PJM,PJM
p39089,OH,eastern,PJM_East,PJM,PJM,PJM
p39091,OH,eastern,PJM_East,PJM,PJM,PJM
p39101,OH,eastern,PJM_East,PJM,PJM,PJM
p39105,OH,eastern,PJM_East,PJM,PJM,PJM
p39107,OH,eastern,PJM_East,PJM,PJM,PJM
p39111,OH,eastern,PJM_East,PJM,PJM,PJM
p39115,OH,eastern,PJM_East,PJM,PJM,PJM
p39117,OH,eastern,PJM_East,PJM,PJM,PJM
p39119,OH,eastern,PJM_East,PJM,PJM,PJM
p39121,OH,eastern,PJM_East,PJM,PJM,PJM
p39125,OH,eastern,PJM_East,PJM,PJM,PJM
p39127,OH,eastern,PJM_East,PJM,PJM,PJM
p39129,OH,eastern,PJM_East,PJM,PJM,PJM
p39131,OH,eastern,PJM_East,PJM,PJM,PJM
p39137,OH,eastern,PJM_East,PJM,PJM,PJM
p39139,OH,eastern,PJM_East,PJM,PJM,PJM
p39141,OH,eastern,PJM_East,PJM,PJM,PJM
p39145,OH,eastern,PJM_East,PJM,PJM,PJM
p39147,OH,eastern,PJM_East,PJM,PJM,PJM
p39149,OH,eastern,PJM_East,PJM,PJM,PJM
p39157,OH,eastern,PJM_East,PJM,PJM,PJM
p39159,OH,eastern,PJM_East,PJM,PJM,PJM
p39161,OH,eastern,PJM_East,PJM,PJM,PJM
p39163,OH,eastern,PJM_East,PJM,PJM,PJM
p39167,OH,eastern,PJM_East,PJM,PJM,PJM
p39169,OH,eastern,PJM_East,PJM,PJM,PJM
p39171,OH,eastern,PJM_East,PJM,PJM,PJM
p39175,OH,eastern,PJM_East,PJM,PJM,PJM
p39023,OH,eastern,PJM_East,PJM,PJM,PJM
p39027,OH,eastern,PJM_East,PJM,PJM,PJM
p39047,OH,eastern,PJM_East,PJM,PJM,PJM
p39057,OH,eastern,PJM_East,PJM,PJM,PJM
p39097,OH,eastern,PJM_East,PJM,PJM,PJM
p39109,OH,eastern,PJM_East,PJM,PJM,PJM
p39113,OH,eastern,PJM_East,PJM,PJM,PJM
p39135,OH,eastern,PJM_East,PJM,PJM,PJM
p39015,OH,eastern,PJM_East,PJM,PJM,PJM
p39017,OH,eastern,PJM_East,PJM,PJM,PJM
p39025,OH,eastern,PJM_East,PJM,PJM,PJM
p39061,OH,eastern,PJM_East,PJM,PJM,PJM
p39165,OH,eastern,PJM_East,PJM,PJM,PJM
p42003,PA,eastern,PJM_East,PJM,PJM,PJM
p42005,PA,eastern,PJM_East,PJM,PJM,PJM
p42007,PA,eastern,PJM_East,PJM,PJM,PJM
p42019,PA,eastern,PJM_East,PJM,PJM,PJM
p42051,PA,eastern,PJM_East,PJM,PJM,PJM
p42059,PA,eastern,PJM_East,PJM,PJM,PJM
p42125,PA,eastern,PJM_East,PJM,PJM,PJM
p42129,PA,eastern,PJM_East,PJM,PJM,PJM
p54001,WV,eastern,PJM_East,PJM,PJM,PJM
p54003,WV,eastern,PJM_East,PJM,PJM,PJM
p54007,WV,eastern,PJM_East,PJM,PJM,PJM
p54009,WV,eastern,PJM_East,PJM,PJM,PJM
p54013,WV,eastern,PJM_East,PJM,PJM,PJM
p54015,WV,eastern,PJM_East,PJM,PJM,PJM
p54017,WV,eastern,PJM_East,PJM,PJM,PJM
p54021,WV,eastern,PJM_East,PJM,PJM,PJM
p54023,WV,eastern,PJM_East,PJM,PJM,PJM
p54025,WV,eastern,PJM_East,PJM,PJM,PJM
p54027,WV,eastern,PJM_East,PJM,PJM,PJM
p54029,WV,eastern,PJM_East,PJM,PJM,PJM
p54031,WV,eastern,PJM_East,PJM,PJM,PJM
p54033,WV,eastern,PJM_East,PJM,PJM,PJM
p54035,WV,eastern,PJM_East,PJM,PJM,PJM
p54037,WV,eastern,PJM_East,PJM,PJM,PJM
p54041,WV,eastern,PJM_East,PJM,PJM,PJM
p54049,WV,eastern,PJM_East,PJM,PJM,PJM
p54051,WV,eastern,PJM_East,PJM,PJM,PJM
p54057,WV,eastern,PJM_East,PJM,PJM,PJM
p54061,WV,eastern,PJM_East,PJM,PJM,PJM
p54063,WV,eastern,PJM_East,PJM,PJM,PJM
p54065,WV,eastern,PJM_East,PJM,PJM,PJM
p54067,WV,eastern,PJM_East,PJM,PJM,PJM
p54069,WV,eastern,PJM_East,PJM,PJM,PJM
p54071,WV,eastern,PJM_East,PJM,PJM,PJM
p54073,WV,eastern,PJM_East,PJM,PJM,PJM
p54075,WV,eastern,PJM_East,PJM,PJM,PJM
p54077,WV,eastern,PJM_East,PJM,PJM,PJM
p54083,WV,eastern,PJM_East,PJM,PJM,PJM
p54085,WV,eastern,PJM_East,PJM,PJM,PJM
p54087,WV,eastern,PJM_East,PJM,PJM,PJM
p54089,WV,eastern,PJM_East,PJM,PJM,PJM
p54091,WV,eastern,PJM_East,PJM,PJM,PJM
p54093,WV,eastern,PJM_East,PJM,PJM,PJM
p54095,WV,eastern,PJM_East,PJM,PJM,PJM
p54097,WV,eastern,PJM_East,PJM,PJM,PJM
p54101,WV,eastern,PJM_East,PJM,PJM,PJM
p54103,WV,eastern,PJM_East,PJM,PJM,PJM
p54105,WV,eastern,PJM_East,PJM,PJM,PJM
p54107,WV,eastern,PJM_East,PJM,PJM,PJM
p54005,WV,eastern,PJM_East,PJM,PJM,PJM
p54011,WV,eastern,PJM_East,PJM,PJM,PJM
p54019,WV,eastern,PJM_East,PJM,PJM,PJM
p54039,WV,eastern,PJM_East,PJM,PJM,PJM
p54043,WV,eastern,PJM_East,PJM,PJM,PJM
p54045,WV,eastern,PJM_East,PJM,PJM,PJM
p54047,WV,eastern,PJM_East,PJM,PJM,PJM
p54053,WV,eastern,PJM_East,PJM,PJM,PJM
p54055,WV,eastern,PJM_East,PJM,PJM,PJM
p54059,WV,eastern,PJM_East,PJM,PJM,PJM
p54079,WV,eastern,PJM_East,PJM,PJM,PJM
p54081,WV,eastern,PJM_East,PJM,PJM,PJM
p54099,WV,eastern,PJM_East,PJM,PJM,PJM
p54109,WV,eastern,PJM_East,PJM,PJM,PJM
p51009,VA,eastern,PJM_East,PJM,PJM,PJM
p51019,VA,eastern,PJM_East,PJM,PJM,PJM
p51021,VA,eastern,PJM_East,PJM,PJM,PJM
p51023,VA,eastern,PJM_East,PJM,PJM,PJM
p51027,VA,eastern,PJM_East,PJM,PJM,PJM
p51035,VA,eastern,PJM_East,PJM,PJM,PJM
p51045,VA,eastern,PJM_East,PJM,PJM,PJM
p51051,VA,eastern,PJM_East,PJM,PJM,PJM
p51063,VA,eastern,PJM_East,PJM,PJM,PJM
p51067,VA,eastern,PJM_East,PJM,PJM,PJM
p51071,VA,eastern,PJM_East,PJM,PJM,PJM
p51077,VA,eastern,PJM_East,PJM,PJM,PJM
p51089,VA,eastern,PJM_East,PJM,PJM,PJM
p51105,VA,eastern,PJM_East,PJM,PJM,PJM
p51121,VA,eastern,PJM_East,PJM,PJM,PJM
p51125,VA,eastern,PJM_East,PJM,PJM,PJM
p51141,VA,eastern,PJM_East,PJM,PJM,PJM
p51155,VA,eastern,PJM_East,PJM,PJM,PJM
p51161,VA,eastern,PJM_East,PJM,PJM,PJM
p51167,VA,eastern,PJM_East,PJM,PJM,PJM
p51169,VA,eastern,PJM_East,PJM,PJM,PJM
p51173,VA,eastern,PJM_East,PJM,PJM,PJM
p51185,VA,eastern,PJM_East,PJM,PJM,PJM
p51191,VA,eastern,PJM_East,PJM,PJM,PJM
p51195,VA,eastern,PJM_East,PJM,PJM,PJM
p51197,VA,eastern,PJM_East,PJM,PJM,PJM
p51520,VA,eastern,PJM_East,PJM,PJM,PJM
p51640,VA,eastern,PJM_East,PJM,PJM,PJM
p51680,VA,eastern,PJM_East,PJM,PJM,PJM
p51690,VA,eastern,PJM_East,PJM,PJM,PJM
p51720,VA,eastern,PJM_East,PJM,PJM,PJM
p51750,VA,eastern,PJM_East,PJM,PJM,PJM
p51770,VA,eastern,PJM_East,PJM,PJM,PJM
p51775,VA,eastern,PJM_East,PJM,PJM,PJM
p42023,PA,eastern,PJM_East,PJM,PJM,PJM
p42027,PA,eastern,PJM_East,PJM,PJM,PJM
p42035,PA,eastern,PJM_East,PJM,PJM,PJM
p42047,PA,eastern,PJM_East,PJM,PJM,PJM
p42105,PA,eastern,PJM_East,PJM,PJM,PJM
p42055,PA,eastern,PJM_East,PJM,PJM,PJM
p42057,PA,eastern,PJM_East,PJM,PJM,PJM
p24001,MD,eastern,PJM_East,PJM,PJM,PJM
p24021,MD,eastern,PJM_East,PJM,PJM,PJM
p24023,MD,eastern,PJM_East,PJM,PJM,PJM
p24043,MD,eastern,PJM_East,PJM,PJM,PJM
p42001,PA,eastern,PJM_East,PJM,PJM,PJM
p42009,PA,eastern,PJM_East,PJM,PJM,PJM
p42011,PA,eastern,PJM_East,PJM,PJM,PJM
p42013,PA,eastern,PJM_East,PJM,PJM,PJM
p42015,PA,eastern,PJM_East,PJM,PJM,PJM
p42017,PA,eastern,PJM_East,PJM,PJM,PJM
p42021,PA,eastern,PJM_East,PJM,PJM,PJM
p42025,PA,eastern,PJM_East,PJM,PJM,PJM
p42029,PA,eastern,PJM_East,PJM,PJM,PJM
p42031,PA,eastern,PJM_East,PJM,PJM,PJM
p42033,PA,eastern,PJM_East,PJM,PJM,PJM
p42037,PA,eastern,PJM_East,PJM,PJM,PJM
p42039,PA,eastern,PJM_East,PJM,PJM,PJM
p42041,PA,eastern,PJM_East,PJM,PJM,PJM
p42043,PA,eastern,PJM_East,PJM,PJM,PJM
p42045,PA,eastern,PJM_East,PJM,PJM,PJM
p42049,PA,eastern,PJM_East,PJM,PJM,PJM
p42053,PA,eastern,PJM_East,PJM,PJM,PJM
p42061,PA,eastern,PJM_East,PJM,PJM,PJM
p42063,PA,eastern,PJM_East,PJM,PJM,PJM
p42065,PA,eastern,PJM_East,PJM,PJM,PJM
p42067,PA,eastern,PJM_East,PJM,PJM,PJM
p42069,PA,eastern,PJM_East,PJM,PJM,PJM
p42071,PA,eastern,PJM_East,PJM,PJM,PJM
p42073,PA,eastern,PJM_East,PJM,PJM,PJM
p42075,PA,eastern,PJM_East,PJM,PJM,PJM
p42077,PA,eastern,PJM_East,PJM,PJM,PJM
p42079,PA,eastern,PJM_East,PJM,PJM,PJM
p42081,PA,eastern,PJM_East,PJM,PJM,PJM
p42083,PA,eastern,PJM_East,PJM,PJM,PJM
p42085,PA,eastern,PJM_East,PJM,PJM,PJM
p42087,PA,eastern,PJM_East,PJM,PJM,PJM
p42089,PA,eastern,PJM_East,PJM,PJM,PJM
p42091,PA,eastern,PJM_East,PJM,PJM,PJM
p42093,PA,eastern,PJM_East,PJM,PJM,PJM
p42095,PA,eastern,PJM_East,PJM,PJM,PJM
p42097,PA,eastern,PJM_East,PJM,PJM,PJM
p42099,PA,eastern,PJM_East,PJM,PJM,PJM
p42101,PA,eastern,PJM_East,PJM,PJM,PJM
p42103,PA,eastern,PJM_East,PJM,PJM,PJM
p42107,PA,eastern,PJM_East,PJM,PJM,PJM
p42109,PA,eastern,PJM_East,PJM,PJM,PJM
p42111,PA,eastern,PJM_East,PJM,PJM,PJM
p42113,PA,eastern,PJM_East,PJM,PJM,PJM
p42115,PA,eastern,PJM_East,PJM,PJM,PJM
p42117,PA,eastern,PJM_East,PJM,PJM,PJM
p42119,PA,eastern,PJM_East,PJM,PJM,PJM
p42121,PA,eastern,PJM_East,PJM,PJM,PJM
p42123,PA,eastern,PJM_East,PJM,PJM,PJM
p42127,PA,eastern,PJM_East,PJM,PJM,PJM
p42131,PA,eastern,PJM_East,PJM,PJM,PJM
p42133,PA,eastern,PJM_East,PJM,PJM,PJM
p11001,MD,eastern,PJM_East,PJM,PJM,PJM
p24003,MD,eastern,PJM_East,PJM,PJM,PJM
p24005,MD,eastern,PJM_East,PJM,PJM,PJM
p24009,MD,eastern,PJM_East,PJM,PJM,PJM
p24011,MD,eastern,PJM_East,PJM,PJM,PJM
p24013,MD,eastern,PJM_East,PJM,PJM,PJM
p24015,MD,eastern,PJM_East,PJM,PJM,PJM
p24017,MD,eastern,PJM_East,PJM,PJM,PJM
p24019,MD,eastern,PJM_East,PJM,PJM,PJM
p24025,MD,eastern,PJM_East,PJM,PJM,PJM
p24027,MD,eastern,PJM_East,PJM,PJM,PJM
p24029,MD,eastern,PJM_East,PJM,PJM,PJM
p24031,MD,eastern,PJM_East,PJM,PJM,PJM
p24033,MD,eastern,PJM_East,PJM,PJM,PJM
p24035,MD,eastern,PJM_East,PJM,PJM,PJM
p24037,MD,eastern,PJM_East,PJM,PJM,PJM
p24039,MD,eastern,PJM_East,PJM,PJM,PJM
p24041,MD,eastern,PJM_East,PJM,PJM,PJM
p24045,MD,eastern,PJM_East,PJM,PJM,PJM
p24047,MD,eastern,PJM_East,PJM,PJM,PJM
p24510,MD,eastern,PJM_East,PJM,PJM,PJM
p51001,VA,eastern,PJM_East,PJM,PJM,PJM
p51131,VA,eastern,PJM_East,PJM,PJM,PJM
p10001,DE,eastern,PJM_East,PJM,PJM,PJM
p10003,DE,eastern,PJM_East,PJM,PJM,PJM
p10005,DE,eastern,PJM_East,PJM,PJM,PJM
p34001,NJ,eastern,PJM_East,PJM,PJM,PJM
p34003,NJ,eastern,PJM_East,PJM,PJM,PJM
p34005,NJ,eastern,PJM_East,PJM,PJM,PJM
p34007,NJ,eastern,PJM_East,PJM,PJM,PJM
p34009,NJ,eastern,PJM_East,PJM,PJM,PJM
p34011,NJ,eastern,PJM_East,PJM,PJM,PJM
p34013,NJ,eastern,PJM_East,PJM,PJM,PJM
p34015,NJ,eastern,PJM_East,PJM,PJM,PJM
p34017,NJ,eastern,PJM_East,PJM,PJM,PJM
p34019,NJ,eastern,PJM_East,PJM,PJM,PJM
p34021,NJ,eastern,PJM_East,PJM,PJM,PJM
p34023,NJ,eastern,PJM_East,PJM,PJM,PJM
p34025,NJ,eastern,PJM_East,PJM,PJM,PJM
p34027,NJ,eastern,PJM_East,PJM,PJM,PJM
p34029,NJ,eastern,PJM_East,PJM,PJM,PJM
p34031,NJ,eastern,PJM_East,PJM,PJM,PJM
p34033,NJ,eastern,PJM_East,PJM,PJM,PJM
p34035,NJ,eastern,PJM_East,PJM,PJM,PJM
p34037,NJ,eastern,PJM_East,PJM,PJM,PJM
p34039,NJ,eastern,PJM_East,PJM,PJM,PJM
p34041,NJ,eastern,PJM_East,PJM,PJM,PJM
p36001,NY,eastern,NYISO,NYISO,NPCC_NY,NYISO
p36003,NY,eastern,NYISO,NYISO,NPCC_NY,NYISO
p36005,NY,eastern,NYISO,NYISO,NPCC_NY,NYISO
p36007,NY,eastern,NYISO,NYISO,NPCC_NY,NYISO
p36009,NY,eastern,NYISO,NYISO,NPCC_NY,NYISO
p36011,NY,eastern,NYISO,NYISO,NPCC_NY,NYISO
p36013,NY,eastern,NYISO,NYISO,NPCC_NY,NYISO
p36015,NY,eastern,NYISO,NYISO,NPCC_NY,NYISO
p36017,NY,eastern,NYISO,NYISO,NPCC_NY,NYISO
p36019,NY,eastern,NYISO,NYISO,NPCC_NY,NYISO
p36021,NY,eastern,NYISO,NYISO,NPCC_NY,NYISO
p36023,NY,eastern,NYISO,NYISO,NPCC_NY,NYISO
p36025,NY,eastern,NYISO,NYISO,NPCC_NY,NYISO
p36027,NY,eastern,NYISO,NYISO,NPCC_NY,NYISO
p36029,NY,eastern,NYISO,NYISO,NPCC_NY,NYISO
p36031,NY,eastern,NYISO,NYISO,NPCC_NY,NYISO
p36033,NY,eastern,NYISO,NYISO,NPCC_NY,NYISO
p36035,NY,eastern,NYISO,NYISO,NPCC_NY,NYISO
p36037,NY,eastern,NYISO,NYISO,NPCC_NY,NYISO
p36039,NY,eastern,NYISO,NYISO,NPCC_NY,NYISO
p36041,NY,eastern,NYISO,NYISO,NPCC_NY,NYISO
p36043,NY,eastern,NYISO,NYISO,NPCC_NY,NYISO
p36045,NY,eastern,NYISO,NYISO,NPCC_NY,NYISO
p36047,NY,eastern,NYISO,NYISO,NPCC_NY,NYISO
p36049,NY,eastern,NYISO,NYISO,NPCC_NY,NYISO
p36051,NY,eastern,NYISO,NYISO,NPCC_NY,NYISO
p36053,NY,eastern,NYISO,NYISO,NPCC_NY,NYISO
p36055,NY,eastern,NYISO,NYISO,NPCC_NY,NYISO
p36057,NY,eastern,NYISO,NYISO,NPCC_NY,NYISO
p36061,NY,eastern,NYISO,NYISO,NPCC_NY,NYISO
p36063,NY,eastern,NYISO,NYISO,NPCC_NY,NYISO
p36065,NY,eastern,NYISO,NYISO,NPCC_NY,NYISO
p36067,NY,eastern,NYISO,NYISO,NPCC_NY,NYISO
p36069,NY,eastern,NYISO,NYISO,NPCC_NY,NYISO
p36071,NY,eastern,NYISO,NYISO,NPCC_NY,NYISO
p36073,NY,eastern,NYISO,NYISO,NPCC_NY,NYISO
p36075,NY,eastern,NYISO,NYISO,NPCC_NY,NYISO
p36077,NY,eastern,NYISO,NYISO,NPCC_NY,NYISO
p36079,NY,eastern,NYISO,NYISO,NPCC_NY,NYISO
p36081,NY,eastern,NYISO,NYISO,NPCC_NY,NYISO
p36083,NY,eastern,NYISO,NYISO,NPCC_NY,NYISO
p36085,NY,eastern,NYISO,NYISO,NPCC_NY,NYISO
p36087,NY,eastern,NYISO,NYISO,NPCC_NY,NYISO
p36089,NY,eastern,NYISO,NYISO,NPCC_NY,NYISO
p36091,NY,eastern,NYISO,NYISO,NPCC_NY,NYISO
p36093,NY,eastern,NYISO,NYISO,NPCC_NY,NYISO
p36095,NY,eastern,NYISO,NYISO,NPCC_NY,NYISO
p36097,NY,eastern,NYISO,NYISO,NPCC_NY,NYISO
p36099,NY,eastern,NYISO,NYISO,NPCC_NY,NYISO
p36101,NY,eastern,NYISO,NYISO,NPCC_NY,NYISO
p36105,NY,eastern,NYISO,NYISO,NPCC_NY,NYISO
p36107,NY,eastern,NYISO,NYISO,NPCC_NY,NYISO
p36109,NY,eastern,NYISO,NYISO,NPCC_NY,NYISO
p36111,NY,eastern,NYISO,NYISO,NPCC_NY,NYISO
p36113,NY,eastern,NYISO,NYISO,NPCC_NY,NYISO
p36115,NY,eastern,NYISO,NYISO,NPCC_NY,NYISO
p36117,NY,eastern,NYISO,NYISO,NPCC_NY,NYISO
p36119,NY,eastern,NYISO,NYISO,NPCC_NY,NYISO
p36121,NY,eastern,NYISO,NYISO,NPCC_NY,NYISO
p36123,NY,eastern,NYISO,NYISO,NPCC_NY,NYISO
p36059,NY,eastern,NYISO,NYISO,NPCC_NY,NYISO
p36103,NY,eastern,NYISO,NYISO,NPCC_NY,NYISO
p50001,VT,eastern,ISONE,ISONE,NPCC_NE,ISONE
p50003,VT,eastern,ISONE,ISONE,NPCC_NE,ISONE
p50005,VT,eastern,ISONE,ISONE,NPCC_NE,ISONE
p50007,VT,eastern,ISONE,ISONE,NPCC_NE,ISONE
p50009,VT,eastern,ISONE,ISONE,NPCC_NE,ISONE
p50011,VT,eastern,ISONE,ISONE,NPCC_NE,ISONE
p50013,VT,eastern,ISONE,ISONE,NPCC_NE,ISONE
p50015,VT,eastern,ISONE,ISONE,NPCC_NE,ISONE
p50017,VT,eastern,ISONE,ISONE,NPCC_NE,ISONE
p50019,VT,eastern,ISONE,ISONE,NPCC_NE,ISONE
p50021,VT,eastern,ISONE,ISONE,NPCC_NE,ISONE
p50023,VT,eastern,ISONE,ISONE,NPCC_NE,ISONE
p50025,VT,eastern,ISONE,ISONE,NPCC_NE,ISONE
p50027,VT,eastern,ISONE,ISONE,NPCC_NE,ISONE
p33001,NH,eastern,ISONE,ISONE,NPCC_NE,ISONE
p33003,NH,eastern,ISONE,ISONE,NPCC_NE,ISONE
p33005,NH,eastern,ISONE,ISONE,NPCC_NE,ISONE
p33007,NH,eastern,ISONE,ISONE,NPCC_NE,ISONE
p33009,NH,eastern,ISONE,ISONE,NPCC_NE,ISONE
p33011,NH,eastern,ISONE,ISONE,NPCC_NE,ISONE
p33013,NH,eastern,ISONE,ISONE,NPCC_NE,ISONE
p33015,NH,eastern,ISONE,ISONE,NPCC_NE,ISONE
p33017,NH,eastern,ISONE,ISONE,NPCC_NE,ISONE
p33019,NH,eastern,ISONE,ISONE,NPCC_NE,ISONE
p25001,MA,eastern,ISONE,ISONE,NPCC_NE,ISONE
p25003,MA,eastern,ISONE,ISONE,NPCC_NE,ISONE
p25005,MA,eastern,ISONE,ISONE,NPCC_NE,ISONE
p25007,MA,eastern,ISONE,ISONE,NPCC_NE,ISONE
p25009,MA,eastern,ISONE,ISONE,NPCC_NE,ISONE
p25011,MA,eastern,ISONE,ISONE,NPCC_NE,ISONE
p25013,MA,eastern,ISONE,ISONE,NPCC_NE,ISONE
p25015,MA,eastern,ISONE,ISONE,NPCC_NE,ISONE
p25017,MA,eastern,ISONE,ISONE,NPCC_NE,ISONE
p25019,MA,eastern,ISONE,ISONE,NPCC_NE,ISONE
p25021,MA,eastern,ISONE,ISONE,NPCC_NE,ISONE
p25023,MA,eastern,ISONE,ISONE,NPCC_NE,ISONE
p25025,MA,eastern,ISONE,ISONE,NPCC_NE,ISONE
p25027,MA,eastern,ISONE,ISONE,NPCC_NE,ISONE
p09110,CT,eastern,ISONE,ISONE,NPCC_NE,ISONE
p09120,CT,eastern,ISONE,ISONE,NPCC_NE,ISONE
p09130,CT,eastern,ISONE,ISONE,NPCC_NE,ISONE
p09140,CT,eastern,ISONE,ISONE,NPCC_NE,ISONE
p09150,CT,eastern,ISONE,ISONE,NPCC_NE,ISONE
p09160,CT,eastern,ISONE,ISONE,NPCC_NE,ISONE
p09170,CT,eastern,ISONE,ISONE,NPCC_NE,ISONE
p09180,CT,eastern,ISONE,ISONE,NPCC_NE,ISONE
p09190,CT,eastern,ISONE,ISONE,NPCC_NE,ISONE
p44001,RI,eastern,ISONE,ISONE,NPCC_NE,ISONE
p44003,RI,eastern,ISONE,ISONE,NPCC_NE,ISONE
p44005,RI,eastern,ISONE,ISONE,NPCC_NE,ISONE
p44007,RI,eastern,ISONE,ISONE,NPCC_NE,ISONE
p44009,RI,eastern,ISONE,ISONE,NPCC_NE,ISONE
p23001,ME,eastern,ISONE,ISONE,NPCC_NE,ISONE
p23003,ME,eastern,ISONE,ISONE,NPCC_NE,ISONE
p23005,ME,eastern,ISONE,ISONE,NPCC_NE,ISONE
p23007,ME,eastern,ISONE,ISONE,NPCC_NE,ISONE
p23009,ME,eastern,ISONE,ISONE,NPCC_NE,ISONE
p23011,ME,eastern,ISONE,ISONE,NPCC_NE,ISONE
p23013,ME,eastern,ISONE,ISONE,NPCC_NE,ISONE
p23015,ME,eastern,ISONE,ISONE,NPCC_NE,ISONE
p23017,ME,eastern,ISONE,ISONE,NPCC_NE,ISONE
p23019,ME,eastern,ISONE,ISONE,NPCC_NE,ISONE
p23021,ME,eastern,ISONE,ISONE,NPCC_NE,ISONE
p23023,ME,eastern,ISONE,ISONE,NPCC_NE,ISONE
p23025,ME,eastern,ISONE,ISONE,NPCC_NE,ISONE
p23027,ME,eastern,ISONE,ISONE,NPCC_NE,ISONE
p23029,ME,eastern,ISONE,ISONE,NPCC_NE,ISONE
p23031,ME,eastern,ISONE,ISONE,NPCC_NE,ISONE
